From	Entry	Reviewed	Entry Name	Protein names	Gene Names	Length
ZNF180	Q9UJW8	reviewed	ZN180_HUMAN	Zinc finger protein 180 (HHZ168)	ZNF180	692
ZNF180	G5E9B8	unreviewed	G5E9B8_HUMAN	Zinc finger protein 180	ZNF180	667
ZNF180	K7EMI5	unreviewed	K7EMI5_HUMAN	Zinc finger protein 180	ZNF180	50
ZNF180	K7EQP0	unreviewed	K7EQP0_HUMAN	Zinc finger protein 180	ZNF180	183
ZNF180	K7ES30	unreviewed	K7ES30_HUMAN	Zinc finger protein 180	ZNF180	65
KLF11	O14901	reviewed	KLF11_HUMAN	Krueppel-like factor 11 (Transforming growth factor-beta-inducible early growth response protein 2) (TGFB-inducible early growth response protein 2) (TIEG-2)	KLF11 FKLF TIEG2	512
KLF11	B5MCC4	unreviewed	B5MCC4_HUMAN	KLF transcription factor 11	KLF11	127
KLF11	C9JM94	unreviewed	C9JM94_HUMAN	KLF transcription factor 11	KLF11	122
KLF11	E7EX78	unreviewed	E7EX78_HUMAN	KLF transcription factor 11	KLF11	163
KLF11	L8EA48	unreviewed	L8EA48_HUMAN	Alternative protein KLF11	KLF11	82
ZNF778	Q96MU6	reviewed	ZN778_HUMAN	Zinc finger protein 778	ZNF778	729
ZNF778	A0A0A0MSW5	unreviewed	A0A0A0MSW5_HUMAN	Zinc finger protein 778	ZNF778	757
ZNF778	A0PJ55	unreviewed	A0PJ55_HUMAN	ZNF778 protein	ZNF778	260
ZNF778	H3BSD4	unreviewed	H3BSD4_HUMAN	Zinc finger protein 778	ZNF778	47
ZNF778	H3BUU4	unreviewed	H3BUU4_HUMAN	Zinc finger protein 778	ZNF778	81
ZNF782	Q6ZMW2	reviewed	ZN782_HUMAN	Zinc finger protein 782	ZNF782	699
ZNF782	C9J9Y8	unreviewed	C9J9Y8_HUMAN	Zinc finger protein 782	ZNF782	205
ZNF782	F8WEU9	unreviewed	F8WEU9_HUMAN	Zinc finger protein 782	ZNF782	28
HINFP	Q9BQA5	reviewed	HINFP_HUMAN	Histone H4 transcription factor (Histone nuclear factor P) (HiNF-P) (MBD2-interacting zinc finger protein) (Methyl-CpG-binding protein 2-interacting zinc finger protein)	HINFP MIZF ZNF743	517
HINFP	E9PJA3	unreviewed	E9PJA3_HUMAN	Histone H4 transcription factor	HINFP	54
HINFP	E9PL67	unreviewed	E9PL67_HUMAN	Histone H4 transcription factor	HINFP	100
ZNF814	B7Z6K7	reviewed	ZN814_HUMAN	Zinc finger protein 814	ZNF814	855
ZNF814	M0QY74	unreviewed	M0QY74_HUMAN	Zinc finger protein 814	ZNF814	62
ZNF814	M0QYA7	unreviewed	M0QYA7_HUMAN	Zinc finger protein 814	ZNF814	39
ZNF814	M0QYL6	unreviewed	M0QYL6_HUMAN	Zinc finger protein 814	ZNF814	68
ZNF814	M0QZ45	unreviewed	M0QZ45_HUMAN	Zinc finger protein 814	ZNF814	113
ZNF814	M0QZ64	unreviewed	M0QZ64_HUMAN	Zinc finger protein 814	ZNF814	84
ZNF814	M0QZS8	unreviewed	M0QZS8_HUMAN	Zinc finger protein 814	ZNF814	94
ZNF814	M0R066	unreviewed	M0R066_HUMAN	Zinc finger protein 814	ZNF814	79
ZNF814	M0R0R0	unreviewed	M0R0R0_HUMAN	Zinc finger protein 814	ZNF814	91
ZNF467	Q7Z7K2	reviewed	ZN467_HUMAN	Zinc finger protein 467	ZNF467	595
ZNF467	C9JAX3	unreviewed	C9JAX3_HUMAN	Zinc finger protein 467	ZNF467	146
ZNF519	Q8TB69	reviewed	ZN519_HUMAN	Zinc finger protein 519	ZNF519	540
ZNF519	K7EJG2	unreviewed	K7EJG2_HUMAN	Zinc finger protein 519	ZNF519	80
ZNF519	K7ERG6	unreviewed	K7ERG6_HUMAN	Zinc finger protein 519	ZNF519	50
ZNF468	Q5VIY5	reviewed	ZN468_HUMAN	Zinc finger protein 468	ZNF468	522
ZNF468	M0QYC0	unreviewed	M0QYC0_HUMAN	Zinc finger protein 468	ZNF468	45
ZNF468	M0QYE7	unreviewed	M0QYE7_HUMAN	Zinc finger protein 468	ZNF468	137
ZNF468	M0QZR5	unreviewed	M0QZR5_HUMAN	Zinc finger protein 468	ZNF468	45
ZNF468	M0R171	unreviewed	M0R171_HUMAN	Zinc finger protein 468	ZNF468	77
ZNF468	Q6P514	unreviewed	Q6P514_HUMAN	ZNF468 protein	ZNF468	98
ZNF860	A6NHJ4	reviewed	ZN860_HUMAN	Zinc finger protein 860	ZNF860	632
ZNF554	Q86TJ5	reviewed	ZN554_HUMAN	Zinc finger protein 554	ZNF554	538
ZNF554	K7EIR8	unreviewed	K7EIR8_HUMAN	Zinc finger protein 554	ZNF554	68
ZNF554	K7EQV8	unreviewed	K7EQV8_HUMAN	Zinc finger protein 554	ZNF554	181
ZNF606	Q8WXB4	reviewed	ZN606_HUMAN	Zinc finger protein 606 (Zinc finger protein 328)	ZNF606 KIAA1852 ZNF328	792
ZNF606	F8VVX5	unreviewed	F8VVX5_HUMAN	Zinc finger protein 606	ZNF606	69
ZNF606	F8VZC9	unreviewed	F8VZC9_HUMAN	Zinc finger protein 606	ZNF606	88
ZNF606	F8VZG6	unreviewed	F8VZG6_HUMAN	Zinc finger protein 606	ZNF606	58
ZNF606	F8W1C8	unreviewed	F8W1C8_HUMAN	Zinc finger protein 606	ZNF606	508
ZNF606	F8W1H2	unreviewed	F8W1H2_HUMAN	Zinc finger protein 606	ZNF606	66
ZNF606	L8ECK5	unreviewed	L8ECK5_HUMAN	Alternative protein ZNF606	ZNF606	103
ZNF441	Q8N8Z8	reviewed	ZN441_HUMAN	Zinc finger protein 441	ZNF441	693
ZNF441	A0A0A0MSF7	unreviewed	A0A0A0MSF7_HUMAN	Zinc finger protein 441	ZNF441	44
ZNF831	Q5JPB2	reviewed	ZN831_HUMAN	Zinc finger protein 831	ZNF831 C20orf174	1677
ZNF721	Q8TF20	reviewed	ZN721_HUMAN	Zinc finger protein 721	ZNF721 KIAA1982	911
ZNF721	B4E159	unreviewed	B4E159_HUMAN	Zinc finger protein 721 (cDNA FLJ57767, moderately similar to Zinc finger protein 141)	ZNF721	132
ZNF721	D6RGC2	unreviewed	D6RGC2_HUMAN	Zinc finger protein 721	ZNF721	160
ZNF721	E5RGH0	unreviewed	E5RGH0_HUMAN	Zinc finger protein 721	ZNF721	61
ZNF497	Q6ZNH5	reviewed	ZN497_HUMAN	Zinc finger protein 497	ZNF497	498
ZNF497	M0R159	unreviewed	M0R159_HUMAN	Zinc finger protein 497	ZNF497	108
ZNF234	Q14588	reviewed	ZN234_HUMAN	Zinc finger protein 234 (Zinc finger protein 269) (Zinc finger protein HZF4)	ZNF234 ZNF269	700
ZNF234	K7ELL2	unreviewed	K7ELL2_HUMAN	Zinc finger protein 234	ZNF234	53
ZNF234	Q86WM2	unreviewed	Q86WM2_HUMAN	ZNF234	ZNF234	225
ZNF234	Q86WM3	unreviewed	Q86WM3_HUMAN	ZNF234	ZNF234	139
ZBTB40	Q9NUA8	reviewed	ZBT40_HUMAN	Zinc finger and BTB domain-containing protein 40	ZBTB40 KIAA0478	1239
ZBTB40	A0A3B3IRZ6	unreviewed	A0A3B3IRZ6_HUMAN	Zinc finger and BTB domain containing 40	ZBTB40	584
ZBTB40	B1AKC8	unreviewed	B1AKC8_HUMAN	Zinc finger and BTB domain containing 40	ZBTB40	453
ZBTB40	B2RBP0	unreviewed	B2RBP0_HUMAN	Zinc finger and BTB domain containing 40, isoform CRA_a (cDNA, FLJ95610, Homo sapiens KIAA0478 gene product (KIAA0478), mRNA)	ZBTB40 hCG_1812845	418
ZBTB40	F8WAI8	unreviewed	F8WAI8_HUMAN	Zinc finger and BTB domain containing 40	ZBTB40	1127
ZBTB40	Q1RMZ5	unreviewed	Q1RMZ5_HUMAN	ZBTB40 protein	ZBTB40	1127
ETV1	P50549	reviewed	ETV1_HUMAN	ETS translocation variant 1 (Ets-related protein 81)	ETV1 ER81	477
ETV1	B5MCT2	unreviewed	B5MCT2_HUMAN	ETS variant transcription factor 1	ETV1	491
ETV1	C9J0B7	unreviewed	C9J0B7_HUMAN	ETS variant transcription factor 1	ETV1	20
ETV1	C9J4P4	unreviewed	C9J4P4_HUMAN	ETS variant transcription factor 1	ETV1	123
ETV1	C9J9L1	unreviewed	C9J9L1_HUMAN	ETS variant transcription factor 1	ETV1	95
ETV1	C9JQH6	unreviewed	C9JQH6_HUMAN	ETS variant transcription factor 1	ETV1	173
ETV1	C9JX69	unreviewed	C9JX69_HUMAN	ETS variant transcription factor 1	ETV1	288
ETV1	F8WEH6	unreviewed	F8WEH6_HUMAN	ETS variant transcription factor 1	ETV1	367
ZNF714	Q96N38	reviewed	ZN714_HUMAN	Zinc finger protein 714	ZNF714	554
ZNF714	A0A087WU35	unreviewed	A0A087WU35_HUMAN	Zinc finger protein 714	ZNF714	555
ZNF714	A0A087WV13	unreviewed	A0A087WV13_HUMAN	Zinc finger protein 714	ZNF714	28
ZNF714	A0A087WX89	unreviewed	A0A087WX89_HUMAN	Zinc finger protein 714	ZNF714	55
ZNF714	A0A087X1X4	unreviewed	A0A087X1X4_HUMAN	Zinc finger protein 714	ZNF714	148
ZNF714	A0A087X1Z8	unreviewed	A0A087X1Z8_HUMAN	Zinc finger protein 714	ZNF714	139
ZNF714	I3L2D0	unreviewed	I3L2D0_HUMAN	Zinc finger protein 714	ZNF714	84
ZNF714	M0QY60	unreviewed	M0QY60_HUMAN	Zinc finger protein 714	ZNF714	110
ZKSCAN8	Q15776	reviewed	ZKSC8_HUMAN	Zinc finger protein with KRAB and SCAN domains 8 (LD5-1) (Zinc finger protein 192)	ZKSCAN8 ZNF192	578
ZNF460	Q14592	reviewed	ZN460_HUMAN	Zinc finger protein 460 (Zinc finger protein 272) (Zinc finger protein HZF8)	ZNF460 ZNF272	562
ZNF460	M0R0J6	unreviewed	M0R0J6_HUMAN	Zinc finger protein 460	ZNF460	127
GTF2IRD2	Q86UP8	reviewed	GTD2A_HUMAN	General transcription factor II-I repeat domain-containing protein 2A (GTF2I repeat domain-containing protein 2A) (Transcription factor GTF2IRD2-alpha)	GTF2IRD2 GTF2IRD2A	949
GTF2IRD2	A0A0D9SF80	unreviewed	A0A0D9SF80_HUMAN	General transcription factor II-I repeat domain-containing protein 2A	GTF2IRD2	497
GTF2IRD2	A0A494C0I1	unreviewed	A0A494C0I1_HUMAN	GTF2I repeat domain containing 2	GTF2IRD2	1111
ZNF215	Q9UL58	reviewed	ZN215_HUMAN	Zinc finger protein 215 (BWSCR2-associated zinc finger protein 2) (BAZ-2) (Zinc finger protein with KRAB and SCAN domains 11)	ZNF215 BAZ2 ZKSCAN11	517
ZNF215	A0A1B0GV37	unreviewed	A0A1B0GV37_HUMAN	Zinc finger protein 215	ZNF215	162
ZNF215	B4DYW9	unreviewed	B4DYW9_HUMAN	Zinc finger protein 215	ZNF215	181
ZNF816	Q0VGE8	reviewed	ZN816_HUMAN	Zinc finger protein 816	ZNF816 ZNF816A	651
ZNF816	F5GXJ3	unreviewed	F5GXJ3_HUMAN	Zinc finger protein 816	ZNF816	98
ZNF816	I3L0H5	unreviewed	I3L0H5_HUMAN	Zinc finger protein 816	ZNF816	114
ZNF816	M0QY99	unreviewed	M0QY99_HUMAN	Zinc finger protein 816	ZNF816	76
ZNF816	M0QZX7	unreviewed	M0QZX7_HUMAN	Zinc finger protein 816	ZNF816	97
ZNF816	M0R0G1	unreviewed	M0R0G1_HUMAN	Zinc finger protein 816	ZNF816	58
ZNF320	A2RRD8	reviewed	ZN320_HUMAN	Zinc finger protein 320	ZNF320	509
ZNF320	A0A669KBJ2	unreviewed	A0A669KBJ2_HUMAN	Zinc finger protein 320	ZNF320	117
ZNF320	M0QX96	unreviewed	M0QX96_HUMAN	Zinc finger protein 320	ZNF320	155
ZNF320	M0QZA2	unreviewed	M0QZA2_HUMAN	Zinc finger protein 320	ZNF320	86
ZNF320	M0R0Z8	unreviewed	M0R0Z8_HUMAN	Zinc finger protein 320	ZNF320	25
ZNF320	M0R1K6	unreviewed	M0R1K6_HUMAN	Zinc finger protein 320	ZNF320	57
ZNF320	M0R2L4	unreviewed	M0R2L4_HUMAN	Zinc finger protein 320	ZNF320	123
ZNF101	Q8IZC7	reviewed	ZN101_HUMAN	Zinc finger protein 101 (Zinc finger protein HZF12)	ZNF101	436
ZNF101	K7EN16	unreviewed	K7EN16_HUMAN	Zinc finger protein 101	ZNF101	147
ZNF101	K7ENV8	unreviewed	K7ENV8_HUMAN	Zinc finger protein 101	ZNF101	58
ZNF101	Q504T0	unreviewed	Q504T0_HUMAN	ZNF101 protein (Zinc finger protein 101)	ZNF101	61
ZNF101	Q96F93	unreviewed	Q96F93_HUMAN	ZNF101 protein	ZNF101	373
ZNF283	Q8N7M2	reviewed	ZN283_HUMAN	Zinc finger protein 283 (Zinc finger protein HZF19)	ZNF283	679
ZNF283	A0A494C0U8	unreviewed	A0A494C0U8_HUMAN	Zinc finger protein 283	ZNF283	643
ZNF283	K7EL69	unreviewed	K7EL69_HUMAN	Zinc finger protein 283	ZNF283	45
ZNF283	K7ESH0	unreviewed	K7ESH0_HUMAN	Zinc finger protein 283	ZNF283	54
ZNF283	Q4G0N1	unreviewed	Q4G0N1_HUMAN	ZNF283 protein (Zinc finger protein 283)	ZNF283	83
ZNF529	Q6P280	reviewed	ZN529_HUMAN	Zinc finger protein 529	ZNF529 KIAA1615	563
ZNF529	A0A0C4DFR4	unreviewed	A0A0C4DFR4_HUMAN	Zinc finger protein 529	ZNF529	458
ZNF529	K7EKM0	unreviewed	K7EKM0_HUMAN	Zinc finger protein 529	ZNF529	85
ZNF529	K7EL49	unreviewed	K7EL49_HUMAN	Zinc finger protein 529	ZNF529	112
ZNF529	K7ELR0	unreviewed	K7ELR0_HUMAN	Zinc finger protein 529	ZNF529	92
ZNF529	K7ES80	unreviewed	K7ES80_HUMAN	Zinc finger protein 529	ZNF529	72
ZNF529	K7ESA1	unreviewed	K7ESA1_HUMAN	Zinc finger protein 529	ZNF529	110
ZNF875	P10072	reviewed	ZN875_HUMAN	Zinc finger protein 875 (Krueppel-related zinc finger protein 1) (Protein HKR1)	ZNF875 HKR1	659
ZNF875	A0A1B0GXI2	unreviewed	A0A1B0GXI2_HUMAN	Zinc finger protein 875	ZNF875	21
ZNF875	A0A494C010	unreviewed	A0A494C010_HUMAN	Zinc finger protein 875	ZNF875	117
ZNF875	F5H6A5	unreviewed	F5H6A5_HUMAN	Zinc finger protein 875	ZNF875	386
ZNF875	K7EJS1	unreviewed	K7EJS1_HUMAN	Zinc finger protein 875	ZNF875	22
ZNF875	K7EL05	unreviewed	K7EL05_HUMAN	Zinc finger protein 875	ZNF875	91
ZNF875	K7EL22	unreviewed	K7EL22_HUMAN	Zinc finger protein 875	ZNF875	107
ZNF875	K7EL36	unreviewed	K7EL36_HUMAN	Zinc finger protein 875	ZNF875	91
ZNF875	K7EM51	unreviewed	K7EM51_HUMAN	Zinc finger protein 875	ZNF875	77
ZNF875	K7EME6	unreviewed	K7EME6_HUMAN	GLI-Kruppel family member HKR1, isoform CRA_d (Zinc finger protein 875)	ZNF875 HKR1 hCG_42404	171
ZNF875	K7EMG8	unreviewed	K7EMG8_HUMAN	Zinc finger protein 875	ZNF875	69
ZNF875	K7EMJ9	unreviewed	K7EMJ9_HUMAN	Zinc finger protein 875	ZNF875	41
ZNF875	K7ENA5	unreviewed	K7ENA5_HUMAN	Zinc finger protein 875	ZNF875	46
ZNF875	K7EPW3	unreviewed	K7EPW3_HUMAN	Zinc finger protein 875	ZNF875	641
ZNF875	K7EQG8	unreviewed	K7EQG8_HUMAN	Zinc finger protein 875	ZNF875	54
ZNF875	K7ERA5	unreviewed	K7ERA5_HUMAN	Zinc finger protein 875	ZNF875	127
ZNF875	K7ES32	unreviewed	K7ES32_HUMAN	Zinc finger protein 875	ZNF875	37
ZNF875	Q7Z6E1	unreviewed	Q7Z6E1_HUMAN	HKR1 protein (Zinc finger protein 875)	ZNF875	598
ZNF282	Q9UDV7	reviewed	ZN282_HUMAN	Zinc finger protein 282 (HTLV-I U5RE-binding protein 1) (HUB-1)	ZNF282 HUB1	671
ZNF282	A0A090N8Y3	unreviewed	A0A090N8Y3_HUMAN	Zinc finger protein 282	ZNF282 tcag7.517	671
ZNF282	Q05BY5	unreviewed	Q05BY5_HUMAN	ZNF282 protein	ZNF282	298
ZNF282	Q7Z2V4	unreviewed	Q7Z2V4_HUMAN	ZNF282 protein	ZNF282	643
ZNF880	Q6PDB4	reviewed	ZN880_HUMAN	Zinc finger protein 880	ZNF880	577
ZNF880	F5H026	unreviewed	F5H026_HUMAN	Zinc finger protein 880	ZNF880	125
ZNF880	M0R0M5	unreviewed	M0R0M5_HUMAN	Zinc finger protein 880	ZNF880	117
GLI3	P10071	reviewed	GLI3_HUMAN	Transcriptional activator GLI3 (GLI3 form of 190 kDa) (GLI3-190) (GLI3 full-length protein) (GLI3FL) [Cleaved into: Transcriptional repressor GLI3R (GLI3 C-terminally truncated form) (GLI3 form of 83 kDa) (GLI3-83)]	GLI3	1580
GLI3	A0A2R8Y6R3	unreviewed	A0A2R8Y6R3_HUMAN	GLI family zinc finger 3	GLI3	70
GLI3	A0A2R8Y723	unreviewed	A0A2R8Y723_HUMAN	GLI family zinc finger 3	GLI3	79
GLI3	A0A2R8YGX0	unreviewed	A0A2R8YGX0_HUMAN	GLI family zinc finger 3	GLI3	1521
GLI3	A0A7I2V3B8	unreviewed	A0A7I2V3B8_HUMAN	GLI family zinc finger 3	GLI3	48
GLI3	A0A7I2V4V2	unreviewed	A0A7I2V4V2_HUMAN	GLI family zinc finger 3	GLI3	63
GLI3	A0A7I2V4X9	unreviewed	A0A7I2V4X9_HUMAN	GLI family zinc finger 3	GLI3	1522
GLI3	F8WEV4	unreviewed	F8WEV4_HUMAN	GLI family zinc finger 3	GLI3	96
ZNF768	Q9H5H4	reviewed	ZN768_HUMAN	Zinc finger protein 768	ZNF768	540
ZNF768	H3BS42	unreviewed	H3BS42_HUMAN	Zinc finger protein 768	ZNF768	509
ZNF888	P0CJ79	reviewed	ZN888_HUMAN	Zinc finger protein 888	ZNF888	718
ZNF701	Q9NV72	reviewed	ZN701_HUMAN	Zinc finger protein 701	ZNF701	531
ZNF701	M0R085	unreviewed	M0R085_HUMAN	Zinc finger protein 701	ZNF701	212
ZNF701	M0R327	unreviewed	M0R327_HUMAN	Zinc finger protein 701	ZNF701	145
ZNF701	Q6NWZ7	unreviewed	Q6NWZ7_HUMAN	ZNF701 protein	ZNF701	153
ZNF701	Q7Z2U6	unreviewed	Q7Z2U6_HUMAN	ZNF701 protein	ZNF701	151
FOXD2	O60548	reviewed	FOXD2_HUMAN	Forkhead box protein D2 (Forkhead-related protein FKHL17) (Forkhead-related transcription factor 9) (FREAC-9)	FOXD2 FKHL17 FREAC9	495
ZNF417	Q8TAU3	reviewed	ZN417_HUMAN	Zinc finger protein 417	ZNF417	575
ZNF417	M0QXH9	unreviewed	M0QXH9_HUMAN	Zinc finger protein 417	ZNF417	15
ZNF417	M0R0M6	unreviewed	M0R0M6_HUMAN	Zinc finger protein 417	ZNF417	51
ZNF417	M0R0V5	unreviewed	M0R0V5_HUMAN	Zinc finger protein 417	ZNF417	21
ZNF417	M0R178	unreviewed	M0R178_HUMAN	Zinc finger protein 417	ZNF417	57
ZNF417	M0R230	unreviewed	M0R230_HUMAN	Zinc finger protein 417	ZNF417	574
ZNF417	M0R267	unreviewed	M0R267_HUMAN	Zinc finger protein 417	ZNF417	90
ZNF610	Q8N9Z0	reviewed	ZN610_HUMAN	Zinc finger protein 610	ZNF610	462
ZNF610	M0QYM6	unreviewed	M0QYM6_HUMAN	Zinc finger protein 610	ZNF610	85
ZSCAN31	Q96LW9	reviewed	ZSC31_HUMAN	Zinc finger and SCAN domain-containing protein 31 (Zinc finger protein 323)	ZSCAN31 ZNF310P ZNF323	406
ZSCAN31	C9IYT1	unreviewed	C9IYT1_HUMAN	Zinc finger and SCAN domain containing 31	ZSCAN31	155
ZSCAN31	C9J1X2	unreviewed	C9J1X2_HUMAN	Zinc finger and SCAN domain containing 31	ZSCAN31	17
ZSCAN31	C9J423	unreviewed	C9J423_HUMAN	Zinc finger and SCAN domain containing 31	ZSCAN31	205
ZSCAN31	C9J6S7	unreviewed	C9J6S7_HUMAN	Zinc finger and SCAN domain containing 31	ZSCAN31	106
ZSCAN31	C9JAI0	unreviewed	C9JAI0_HUMAN	Zinc finger and SCAN domain containing 31	ZSCAN31	103
ZSCAN31	C9JBH3	unreviewed	C9JBH3_HUMAN	Zinc finger and SCAN domain containing 31	ZSCAN31	88
ZSCAN31	C9JH14	unreviewed	C9JH14_HUMAN	Zinc finger and SCAN domain containing 31	ZSCAN31	24
ZSCAN31	C9JHB1	unreviewed	C9JHB1_HUMAN	Zinc finger and SCAN domain containing 31	ZSCAN31	78
ZSCAN31	C9JIC2	unreviewed	C9JIC2_HUMAN	Zinc finger and SCAN domain containing 31	ZSCAN31	147
ZSCAN31	C9JPM5	unreviewed	C9JPM5_HUMAN	Zinc finger and SCAN domain containing 31	ZSCAN31	217
ZSCAN31	C9JUE1	unreviewed	C9JUE1_HUMAN	Zinc finger and SCAN domain containing 31	ZSCAN31	104
ZNF429	Q86V71	reviewed	ZN429_HUMAN	Zinc finger protein 429	ZNF429	674
ZNF429	M0QYC4	unreviewed	M0QYC4_HUMAN	Zinc finger protein 429	ZNF429	93
ZNF429	M0QZ47	unreviewed	M0QZ47_HUMAN	Zinc finger protein 429	ZNF429	122
ZNF263	O14978	reviewed	ZN263_HUMAN	Zinc finger protein 263 (Zinc finger protein FPM315) (Zinc finger protein with KRAB and SCAN domains 12)	ZNF263 FPM315 ZKSCAN12	683
ZNF263	D3DUC1	unreviewed	D3DUC1_HUMAN	Zinc finger protein 263 (Zinc finger protein FPM315) (Zinc finger protein with KRAB and SCAN domains 12)	ZNF263 hCG_2039169	683
ZNF263	I3L0N0	unreviewed	I3L0N0_HUMAN	Zinc finger protein 263	ZNF263	160
ZNF263	I3L2X3	unreviewed	I3L2X3_HUMAN	Zinc finger protein 263	ZNF263	226
ZNF263	I3L393	unreviewed	I3L393_HUMAN	Zinc finger protein 263	ZNF263	149
ZNF263	I3NI39	unreviewed	I3NI39_HUMAN	Zinc finger protein 263 (Zinc finger protein FPM315) (Zinc finger protein with KRAB and SCAN domains 12)	ZNF263	598
ZNF273	Q14593	reviewed	ZN273_HUMAN	Zinc finger protein 273 (Zinc finger protein HZF9)	ZNF273	569
ZNF273	E9PL30	unreviewed	E9PL30_HUMAN	Zinc finger protein 273	ZNF273	66
ZNF273	Q8WUX5	unreviewed	Q8WUX5_HUMAN	ZNF273 protein (Zinc finger protein 273, isoform CRA_a)	ZNF273 MGC12518 hCG_1773147	49
ZNF273	Q96HL5	unreviewed	Q96HL5_HUMAN	ZNF273 protein	ZNF273	81
ZNF316	A6NFI3	reviewed	ZN316_HUMAN	Zinc finger protein 316	ZNF316	1004
ZNF316	A0A087WZ61	unreviewed	A0A087WZ61_HUMAN	Zinc finger protein 316	ZNF316	40
ZNF578	Q96N58	reviewed	ZN578_HUMAN	Zinc finger protein 578	ZNF578	590
ZNF578	M0QZV4	unreviewed	M0QZV4_HUMAN	Zinc finger protein 578	ZNF578	253
ZNF578	Q3MI94	unreviewed	Q3MI94_HUMAN	ZNF578 protein	ZNF578	394
ZNF154	Q13106	reviewed	ZN154_HUMAN	Zinc finger protein 154	ZNF154 KIAA2003	437
ZNF154	L8E8L7	unreviewed	L8E8L7_HUMAN	Alternative protein ZNF154	ZNF154	172
ZSCAN2	Q7Z7L9	reviewed	ZSCA2_HUMAN	Zinc finger and SCAN domain-containing protein 2 (Zinc finger protein 29 homolog) (Zfp-29) (Zinc finger protein 854)	ZSCAN2 ZFP29 ZNF854	614
ZSCAN2	A0A0C4DFQ3	unreviewed	A0A0C4DFQ3_HUMAN	Zinc finger and SCAN domain-containing protein 2 (Zinc finger protein 29 homolog)	ZSCAN2	613
ZSCAN2	F5GY18	unreviewed	F5GY18_HUMAN	Zinc finger and SCAN domain containing 2	ZSCAN2	200
ZSCAN2	F5GZ04	unreviewed	F5GZ04_HUMAN	Zinc finger and SCAN domain containing 2	ZSCAN2	210
ZSCAN2	F5H1K4	unreviewed	F5H1K4_HUMAN	Zinc finger and SCAN domain containing 2	ZSCAN2	32
ZSCAN2	F5H2D8	unreviewed	F5H2D8_HUMAN	Zinc finger and SCAN domain containing 2	ZSCAN2	27
ZSCAN2	F5H3F3	unreviewed	F5H3F3_HUMAN	Zinc finger and SCAN domain containing 2	ZSCAN2	238
ZSCAN2	F5H4P1	unreviewed	F5H4P1_HUMAN	Zinc finger and SCAN domain containing 2	ZSCAN2	107
ZSCAN2	F5H789	unreviewed	F5H789_HUMAN	Zinc finger and SCAN domain containing 2	ZSCAN2	53
ZSCAN2	F8W6Y9	unreviewed	F8W6Y9_HUMAN	Zinc finger and SCAN domain containing 2	ZSCAN2	464
MGA	O43451	reviewed	MGA_HUMAN	Maltase-glucoamylase (Alpha-1,4-glucosidase) (EC 3.2.1.20)	MGAM MGA MGAML	2753
MGA	Q8IWI9	reviewed	MGAP_HUMAN	MAX gene-associated protein (MAX dimerization protein 5)	MGA KIAA0518 MAD5	3065
MGA	A0A8C8P5L8	unreviewed	A0A8C8P5L8_HUMAN	MAX gene-associated protein	MGA	2574
MGA	A0A994J443	unreviewed	A0A994J443_HUMAN	MAX dimerization protein MGA	MGA	235
MGA	A0A994J4J1	unreviewed	A0A994J4J1_HUMAN	MAX dimerization protein MGA	MGA	430
MGA	A0A994J6L2	unreviewed	A0A994J6L2_HUMAN	MAX gene-associated protein	MGA	3114
MGA	H3BP52	unreviewed	H3BP52_HUMAN	MAX dimerization protein MGA	MGA	1097
MGA	H3BU53	unreviewed	H3BU53_HUMAN	MAX dimerization protein MGA	MGA	1174
IRF3	Q14653	reviewed	IRF3_HUMAN	Interferon regulatory factor 3 (IRF-3)	IRF3	427
IRF3	E2GIM5	unreviewed	E2GIM5_HUMAN	Interferon regulatory factor 3a	IRF3	392
IRF3	E2GIM6	unreviewed	E2GIM6_HUMAN	Interferon regulatory factor 3b	IRF3	154
IRF3	E2GIM7	unreviewed	E2GIM7_HUMAN	Interferon regulatory factor 3c (Interferon regulatory factor 3f)	IRF3	281
IRF3	E2GIM8	unreviewed	E2GIM8_HUMAN	Interferon regulatory factor 3d	IRF3	154
IRF3	E2GIM9	unreviewed	E2GIM9_HUMAN	Interferon regulatory factor 3e	IRF3	300
IRF3	M0QX56	unreviewed	M0QX56_HUMAN	Interferon regulatory factor 3	IRF3	135
IRF3	M0QXC8	unreviewed	M0QXC8_HUMAN	Interferon regulatory factor 3	IRF3	119
IRF3	M0QYT9	unreviewed	M0QYT9_HUMAN	Interferon regulatory factor 3	IRF3	281
IRF3	M0QYX3	unreviewed	M0QYX3_HUMAN	Interferon regulatory factor 3	IRF3	190
IRF3	M0QZB7	unreviewed	M0QZB7_HUMAN	Interferon regulatory factor 3	IRF3	408
IRF3	M0QZB8	unreviewed	M0QZB8_HUMAN	Interferon regulatory factor 3	IRF3	329
IRF3	M0R007	unreviewed	M0R007_HUMAN	Interferon regulatory factor 3	IRF3	102
IRF3	M0R0R8	unreviewed	M0R0R8_HUMAN	Interferon regulatory factor 3	IRF3	84
IRF3	M0R0X9	unreviewed	M0R0X9_HUMAN	Interferon regulatory factor 3	IRF3	105
IRF3	M0R205	unreviewed	M0R205_HUMAN	Interferon regulatory factor 3	IRF3	287
IRF3	M0R3C2	unreviewed	M0R3C2_HUMAN	Interferon regulatory factor 3	IRF3	264
IRF3	M0R3E9	unreviewed	M0R3E9_HUMAN	Interferon regulatory factor 3	IRF3	153
IRF3	M0R3H7	unreviewed	M0R3H7_HUMAN	Interferon regulatory factor 3	IRF3	71
IRF3	Q71U93	unreviewed	Q71U93_HUMAN	Interferon regulatory factor 3	IRF3	30
IRF3	Q96GL3	unreviewed	Q96GL3_HUMAN	IRF3 protein (Interferon regulatory factor 3, isoform CRA_b)	IRF3 hCG_21108	452
ZNF773	Q6PK81	reviewed	ZN773_HUMAN	Zinc finger protein 773 (Zinc finger protein 419B)	ZNF773 ZNF419B	442
ZNF773	M0QX16	unreviewed	M0QX16_HUMAN	Zinc finger protein 773	ZNF773	117
ZNF773	M0QYZ8	unreviewed	M0QYZ8_HUMAN	Zinc finger protein 773	ZNF773	101
ZNF707	Q96C28	reviewed	ZN707_HUMAN	Zinc finger protein 707	ZNF707	371
ZNF707	A0A2R8YE36	unreviewed	A0A2R8YE36_HUMAN	Zinc finger protein 707	ZNF707	296
ZNF707	E9PHZ0	unreviewed	E9PHZ0_HUMAN	Zinc finger protein 707	ZNF707	47
ZNF707	E9PJ46	unreviewed	E9PJ46_HUMAN	Zinc finger protein 707	ZNF707	55
ZNF707	E9PKX4	unreviewed	E9PKX4_HUMAN	Zinc finger protein 707	ZNF707	92
ZNF707	E9PNV7	unreviewed	E9PNV7_HUMAN	Zinc finger protein 707	ZNF707	141
ZNF707	E9PP66	unreviewed	E9PP66_HUMAN	Zinc finger protein 707	ZNF707	103
ZNF707	E9PPS7	unreviewed	E9PPS7_HUMAN	Zinc finger protein 707	ZNF707	134
ZNF707	E9PQ20	unreviewed	E9PQ20_HUMAN	Zinc finger protein 707	ZNF707	79
ZNF707	E9PS67	unreviewed	E9PS67_HUMAN	Zinc finger protein 707	ZNF707	145
SP2	Q02086	reviewed	SP2_HUMAN	Transcription factor Sp2	SP2 KIAA0048	613
SP2	A0A1B0GTK3	unreviewed	A0A1B0GTK3_HUMAN	Sp2 transcription factor	SP2	43
SP2	A0A1B0GV29	unreviewed	A0A1B0GV29_HUMAN	Sp2 transcription factor	SP2	53
SP2	A0A1B0GVH1	unreviewed	A0A1B0GVH1_HUMAN	Sp2 transcription factor	SP2	97
SP2	A0A286YFJ7	unreviewed	A0A286YFJ7_HUMAN	Sp2 transcription factor	SP2	88
SP2	Q9BRW5	unreviewed	Q9BRW5_HUMAN	SP2 protein	SP2	249
KMT2A	Q03164	reviewed	KMT2A_HUMAN	Histone-lysine N-methyltransferase 2A (Lysine N-methyltransferase 2A) (EC 2.1.1.364) (ALL-1) (CXXC-type zinc finger protein 7) (Cysteine methyltransferase KMT2A) (EC 2.1.1.-) (Myeloid/lymphoid or mixed-lineage leukemia) (Myeloid/lymphoid or mixed-lineage leukemia protein 1) (Trithorax-like protein) (Zinc finger protein HRX) [Cleaved into: MLL cleavage product N320 (N-terminal cleavage product of 320 kDa) (p320); MLL cleavage product C180 (C-terminal cleavage product of 180 kDa) (p180)]	KMT2A ALL1 CXXC7 HRX HTRX MLL MLL1 TRX1	3969
KMT2A	A0A3B3ISN4	unreviewed	A0A3B3ISN4_HUMAN	Lysine methyltransferase 2A	KMT2A	606
KMT2A	A0A3B3ITT0	unreviewed	A0A3B3ITT0_HUMAN	Lysine methyltransferase 2A	KMT2A	197
KMT2A	A0A3B3ITT7	unreviewed	A0A3B3ITT7_HUMAN	Lysine methyltransferase 2A	KMT2A	1633
KMT2A	A0A3S6YZ73	unreviewed	A0A3S6YZ73_HUMAN	KMT2A/MAML2 fusion protein	KMT2A MAML2 fusion	582
KMT2A	A0A4D6WIU0	unreviewed	A0A4D6WIU0_HUMAN	KMT2A	KMT2A EPS15 fusion	12
KMT2A	A0A4D6WLI1	unreviewed	A0A4D6WLI1_HUMAN	KMT2A-MLLT6 fusion protein	KMT2A MLLT6 fusion	222
KMT2A	A0A7G9ZE50	unreviewed	A0A7G9ZE50_HUMAN	KMT2A	KMT2A	35
KMT2A	A0A8F7GQG2	unreviewed	A0A8F7GQG2_HUMAN	NUTM2A-KMT2A fusion protein	KMT2A	14
KMT2A	A0A8I5KQ03	unreviewed	A0A8I5KQ03_HUMAN	Lysine methyltransferase 2A	KMT2A	1793
KMT2A	A0A8I5KQV5	unreviewed	A0A8I5KQV5_HUMAN	[histone H3]-lysine(4) N-methyltransferase (EC 2.1.1.364)	KMT2A	1683
KMT2A	A0A8I5KRT6	unreviewed	A0A8I5KRT6_HUMAN	Lysine methyltransferase 2A	KMT2A	130
KMT2A	A0A8I5KRW5	unreviewed	A0A8I5KRW5_HUMAN	Lysine methyltransferase 2A	KMT2A	260
KMT2A	A0A8I5KTQ4	unreviewed	A0A8I5KTQ4_HUMAN	Lysine methyltransferase 2A	KMT2A	338
KMT2A	A0A8I5KVD4	unreviewed	A0A8I5KVD4_HUMAN	Lysine methyltransferase 2A	KMT2A	116
KMT2A	A0A8I5KVV7	unreviewed	A0A8I5KVV7_HUMAN	Lysine methyltransferase 2A	KMT2A	201
KMT2A	A0A8I5KW84	unreviewed	A0A8I5KW84_HUMAN	Lysine methyltransferase 2A	KMT2A	171
KMT2A	A0A8I5KXR3	unreviewed	A0A8I5KXR3_HUMAN	Histone-lysine N-methyltransferase (EC 2.1.1.364)	KMT2A	3996
KMT2A	A0A8I5KY70	unreviewed	A0A8I5KY70_HUMAN	Lysine methyltransferase 2A	KMT2A	1759
KMT2A	A0A8I5QJJ1	unreviewed	A0A8I5QJJ1_HUMAN	Lysine methyltransferase 2A	KMT2A	67
KMT2A	A0AA34QVI8	unreviewed	A0AA34QVI8_HUMAN	Histone-lysine N-methyltransferase (EC 2.1.1.364)	KMT2A	4002
KMT2A	E9PR05	unreviewed	E9PR05_HUMAN	Histone-lysine N-methyltransferase (EC 2.1.1.364)	KMT2A	4005
KMT2A	H0YEU4	unreviewed	H0YEU4_HUMAN	Lysine methyltransferase 2A (Myeloid/lymphoid or mixed-lineage leukemia (Trithorax homolog, Drosophila), isoform CRA_b)	KMT2A MLL hCG_39304	164
KMT2A	H7C5V8	unreviewed	H7C5V8_HUMAN	Lysine methyltransferase 2A	KMT2A	531
KMT2A	H7C5W4	unreviewed	H7C5W4_HUMAN	Lysine methyltransferase 2A	KMT2A	500
ZNF682	O95780	reviewed	ZN682_HUMAN	Zinc finger protein 682	ZNF682	498
ZNF682	B9EG95	unreviewed	B9EG95_HUMAN	ZNF682 protein (Zinc finger protein 682)	ZNF682 hCG_36741	504
ZNF682	M0QXB8	unreviewed	M0QXB8_HUMAN	Zinc finger protein 682	ZNF682	103
ZNF682	M0QYJ5	unreviewed	M0QYJ5_HUMAN	Zinc finger protein 682	ZNF682	52
ZNF682	M0QZ56	unreviewed	M0QZ56_HUMAN	Zinc finger protein 682	ZNF682	76
ZNF682	M0R067	unreviewed	M0R067_HUMAN	Zinc finger protein 682	ZNF682	137
ZNF682	M0R1A6	unreviewed	M0R1A6_HUMAN	Zinc finger protein 682	ZNF682	44
ZNF682	M0R2B6	unreviewed	M0R2B6_HUMAN	Zinc finger protein 682	ZNF682	82
ZNF682	O95779	unreviewed	O95779_HUMAN	BC39498_2 (Zinc finger protein 682, isoform CRA_b)	ZNF682 hCG_36741	445
ZNF611	Q8N823	reviewed	ZN611_HUMAN	Zinc finger protein 611	ZNF611	705
ZNF611	A0A1W2PQH1	unreviewed	A0A1W2PQH1_HUMAN	Zinc finger protein 611	ZNF611	115
ZNF611	M0QXE4	unreviewed	M0QXE4_HUMAN	Zinc finger protein 611	ZNF611	48
ZNF611	M0QXQ6	unreviewed	M0QXQ6_HUMAN	Zinc finger protein 611	ZNF611	75
ZNF611	M0QYR0	unreviewed	M0QYR0_HUMAN	Zinc finger protein 611	ZNF611	129
ZNF611	M0QYZ5	unreviewed	M0QYZ5_HUMAN	Zinc finger protein 611	ZNF611	64
ZNF611	M0R1T1	unreviewed	M0R1T1_HUMAN	Zinc finger protein 611	ZNF611	89
ZNF611	M0R2W3	unreviewed	M0R2W3_HUMAN	Zinc finger protein 611	ZNF611	80
GLIS2	Q9BZE0	reviewed	GLIS2_HUMAN	Zinc finger protein GLIS2 (GLI-similar 2) (Neuronal Krueppel-like protein)	GLIS2 NKL	524
GLIS3	Q8NEA6	reviewed	GLIS3_HUMAN	Zinc finger protein GLIS3 (GLI-similar 3) (Zinc finger protein 515)	GLIS3 ZNF515	775
GLIS3	A0A0S2Z649	unreviewed	A0A0S2Z649_HUMAN	GLIS family zinc finger 3 isoform 2	GLIS3	738
GLIS3	A0A0S2Z689	unreviewed	A0A0S2Z689_HUMAN	GLIS family zinc finger 3 isoform 1	GLIS3	775
GLIS3	A0A0S2Z6Q5	unreviewed	A0A0S2Z6Q5_HUMAN	GLIS family zinc finger 3 isoform 3	GLIS3	258
GLIS3	A0A2R8YEK9	unreviewed	A0A2R8YEK9_HUMAN	GLIS family zinc finger 3	GLIS3	56
GLIS3	A0A804HJJ4	unreviewed	A0A804HJJ4_HUMAN	GLIS family zinc finger 3	GLIS3	76
GLIS3	F8WEV9	unreviewed	F8WEV9_HUMAN	GLIS family zinc finger 3	GLIS3	142
GLIS3	Q1PHI1	unreviewed	Q1PHI1_HUMAN	GLIS family zinc finger 3 transcript variant TS22	GLIS3	40
GLIS3	Q1PHI2	unreviewed	Q1PHI2_HUMAN	GLIS family zinc finger 3 transcript variant TS21	GLIS3	132
GLIS3	Q1PHI3	unreviewed	Q1PHI3_HUMAN	GLIS family zinc finger 3 transcript variant TS14 (GLIS family zinc finger 3 transcript variant TS15) (GLIS family zinc finger 3 transcript variant TS16) (GLIS family zinc finger 3 transcript variant TS17) (GLIS family zinc finger 3 transcript variant TS18) (GLIS family zinc finger 3 transcript variant TS19) (GLIS family zinc finger 3 transcript variant TS20)	GLIS3	22
GLIS3	Q1PHJ0	unreviewed	Q1PHJ0_HUMAN	GLIS family zinc finger 3 transcript variant TS13	GLIS3	51
GLIS3	Q1PHJ1	unreviewed	Q1PHJ1_HUMAN	GLIS family zinc finger 3 transcript variant TS12	GLIS3	119
GLIS3	Q1PHJ2	unreviewed	Q1PHJ2_HUMAN	GLIS family zinc finger 3 (GLIS family zinc finger 3 transcript variant TS11) (GLIS family zinc finger 3 transcript variant TS7) (GLIS family zinc finger 3 transcript variant TS8) (GLIS family zinc finger 3 transcript variant TS9)	GLIS3	89
GLIS3	Q1PHJ7	unreviewed	Q1PHJ7_HUMAN	GLIS family zinc finger 3 transcript variant TS6	GLIS3	194
GLIS3	Q1PHJ8	unreviewed	Q1PHJ8_HUMAN	GLIS family zinc finger 3 (GLIS family zinc finger 3 transcript variant TS3) (GLIS family zinc finger 3 transcript variant TS4) (GLIS family zinc finger 3 transcript variant TS5)	GLIS3	244
GLIS3	Q1PHK2	unreviewed	Q1PHK2_HUMAN	GLIS family zinc finger 3 transcript variant TE2	GLIS3	248
GLIS3	Q1PHK3	unreviewed	Q1PHK3_HUMAN	GLIS family zinc finger 3 transcript variant TE1	GLIS3	350
GLIS3	Q1PHK4	unreviewed	Q1PHK4_HUMAN	GLIS family zinc finger 3 transcript variant TS1	GLIS3	438
ZNF444	Q8N0Y2	reviewed	ZN444_HUMAN	Zinc finger protein 444 (Endothelial zinc finger protein 2) (EZF-2) (Zinc finger and SCAN domain-containing protein 17)	ZNF444 EZF2 ZSCAN17	327
ZNF444	K7EJ91	unreviewed	K7EJ91_HUMAN	Zinc finger protein 444	ZNF444	99
ZNF444	K7EJH4	unreviewed	K7EJH4_HUMAN	Zinc finger protein 444	ZNF444	90
ZNF444	K7EK55	unreviewed	K7EK55_HUMAN	Zinc finger protein 444	ZNF444	44
ZNF444	K7ELZ3	unreviewed	K7ELZ3_HUMAN	Zinc finger protein 444	ZNF444	72
ZNF444	K7EMV5	unreviewed	K7EMV5_HUMAN	Zinc finger protein 444	ZNF444	70
ZNF444	K7ESL2	unreviewed	K7ESL2_HUMAN	Zinc finger protein 444	ZNF444	77
ZNF37A	P17032	reviewed	ZN37A_HUMAN	Zinc finger protein 37A (Zinc finger protein KOX21)	ZNF37A KOX21 ZNF37	561
ZNF37A	A0A1B0GVV4	unreviewed	A0A1B0GVV4_HUMAN	Zinc finger protein 37A	ZNF37A	108
ZNF749	O43361	reviewed	ZN749_HUMAN	Zinc finger protein 749	ZNF749	778
ZNF749	C9J756	unreviewed	C9J756_HUMAN	Zinc finger protein 749	ZNF749	66
HSF5	Q4G112	reviewed	HSF5_HUMAN	Heat shock factor protein 5 (HSF 5) (Heat shock transcription factor 5) (HSTF 5)	HSF5 HSTF5	596
HSF5	A0AUM3	unreviewed	A0AUM3_HUMAN	HSF5 protein	HSF5	495
ZNF135	P52742	reviewed	ZN135_HUMAN	Zinc finger protein 135 (Zinc finger protein 61) (Zinc finger protein 78-like 1)	ZNF135 ZNF61 ZNF78L1	658
ZNF135	M0R0N7	unreviewed	M0R0N7_HUMAN	Zinc finger protein 135	ZNF135	73
ZNF135	Q8N9M3	unreviewed	Q8N9M3_HUMAN	Zinc finger protein 135	ZNF135 hCG_2039973	616
ZNF770	Q6IQ21	reviewed	ZN770_HUMAN	Zinc finger protein 770	ZNF770	691
ZNF770	H0YM59	unreviewed	H0YM59_HUMAN	Zinc finger protein 770	ZNF770	132
ZNF770	L8E809	unreviewed	L8E809_HUMAN	Alternative protein ZNF770	ZNF770	93
ZNF223	Q9UK11	reviewed	ZN223_HUMAN	Zinc finger protein 223	ZNF223	482
ZNF223	K7EPW2	unreviewed	K7EPW2_HUMAN	Zinc finger protein 223	ZNF223	89
ZNF223	K7EQ32	unreviewed	K7EQ32_HUMAN	Zinc finger protein 223	ZNF223	222
ZNF223	K7ER65	unreviewed	K7ER65_HUMAN	Zinc finger protein 223	ZNF223	92
ZNF587B	E7ETH6	reviewed	Z587B_HUMAN	Zinc finger protein 587B	ZNF587B	402
ZNF587B	A0A494C1I7	unreviewed	A0A494C1I7_HUMAN	Zinc finger protein 587B	ZNF587B	632
ZNF587B	M0QY62	unreviewed	M0QY62_HUMAN	Zinc finger protein 587B	ZNF587B	633
ZNF587B	M0R1N2	unreviewed	M0R1N2_HUMAN	Zinc finger protein 587B	ZNF587B	431
ZNF548	Q8NEK5	reviewed	ZN548_HUMAN	Zinc finger protein 548	ZNF548	533
ZNF548	B4DR23	unreviewed	B4DR23_HUMAN	Zinc finger protein 548	ZNF548 hCG_1773229	545
ZNF548	M0QX17	unreviewed	M0QX17_HUMAN	Zinc finger protein 548	ZNF548	57
ZNF548	M0QXE2	unreviewed	M0QXE2_HUMAN	Zinc finger protein 548	ZNF548	87
ZNF548	M0QY53	unreviewed	M0QY53_HUMAN	Zinc finger protein 548	ZNF548	75
ZNF548	M0QYA3	unreviewed	M0QYA3_HUMAN	Zinc finger protein 548	ZNF548	56
ZNF548	M0R041	unreviewed	M0R041_HUMAN	Zinc finger protein 548	ZNF548	114
ZNF548	M0R1K1	unreviewed	M0R1K1_HUMAN	Zinc finger protein 548	ZNF548	63
ZNF548	M0R2J6	unreviewed	M0R2J6_HUMAN	Zinc finger protein 548	ZNF548	47
ZNF548	M0R354	unreviewed	M0R354_HUMAN	Zinc finger protein 548	ZNF548	44
ZNF548	M0R3F2	unreviewed	M0R3F2_HUMAN	Zinc finger protein 548	ZNF548	63
ZNF100	Q8IYN0	reviewed	ZN100_HUMAN	Zinc finger protein 100	ZNF100	542
ZNF100	A0A0A0MTN5	unreviewed	A0A0A0MTN5_HUMAN	Zinc finger protein 100	ZNF100	478
ZNF100	M0R071	unreviewed	M0R071_HUMAN	Zinc finger protein 100	ZNF100	156
ZNF100	M0R0Q1	unreviewed	M0R0Q1_HUMAN	Zinc finger protein 100	ZNF100	63
ZNF100	Q4G131	unreviewed	Q4G131_HUMAN	ZNF100 protein	ZNF100	596
ZNF142	P52746	reviewed	ZN142_HUMAN	Zinc finger protein 142	ZNF142 KIAA0236	1687
ZNF142	A0A7P0N7C4	unreviewed	A0A7P0N7C4_HUMAN	Zinc finger protein 142	ZNF142	1887
ZNF142	C9J055	unreviewed	C9J055_HUMAN	Zinc finger protein 142	ZNF142	26
ZNF142	F2Z2H3	unreviewed	F2Z2H3_HUMAN	Zinc finger protein 142	ZNF142	98
ZNF142	H7C414	unreviewed	H7C414_HUMAN	Zinc finger protein 142	ZNF142	1065
ZNF28	P17035	reviewed	ZNF28_HUMAN	Zinc finger protein 28 (Zinc finger protein KOX24)	ZNF28 KOX24	718
ZNF28	C9K0H3	unreviewed	C9K0H3_HUMAN	Zinc finger protein 28	ZNF28	546
ZNF28	F8WBV3	unreviewed	F8WBV3_HUMAN	Zinc finger protein 28	ZNF28	79
ZNF28	M0QXU3	unreviewed	M0QXU3_HUMAN	Zinc finger protein 28	ZNF28	129
ZNF28	M0R0U4	unreviewed	M0R0U4_HUMAN	Zinc finger protein 28	ZNF28	175
ZNF28	Q6NSH2	unreviewed	Q6NSH2_HUMAN	ZNF28 protein	ZNF28	74
ZNF692	Q9BU19	reviewed	ZN692_HUMAN	Zinc finger protein 692 (AICAR responsive element binding protein)	ZNF692 AREBP ZFP692	519
ZNF692	E7ET73	unreviewed	E7ET73_HUMAN	Zinc finger protein 692	ZNF692	105
ZNF692	E9PLQ5	unreviewed	E9PLQ5_HUMAN	Zinc finger protein 692	ZNF692	80
ZNF692	E9PLQ7	unreviewed	E9PLQ7_HUMAN	Zinc finger protein 692	ZNF692	69
ZNF692	E9PRH5	unreviewed	E9PRH5_HUMAN	Zinc finger protein 692	ZNF692	132
ZNF692	H0YCH4	unreviewed	H0YCH4_HUMAN	Zinc finger protein 692 (AICAR responsive element binding protein)	ZNF692	273
ZNF692	H0YDF5	unreviewed	H0YDF5_HUMAN	Zinc finger protein 692	ZNF692	79
ZNF692	H0YEY1	unreviewed	H0YEY1_HUMAN	Zinc finger protein 692	ZNF692	164
ZNF585B	Q52M93	reviewed	Z585B_HUMAN	Zinc finger protein 585B (zinc finger protein 41-like protein)	ZNF585B	769
ZNF585B	E9PNT4	unreviewed	E9PNT4_HUMAN	Zinc finger protein 585B	ZNF585B	56
ZNF585B	E9PQ00	unreviewed	E9PQ00_HUMAN	Zinc finger protein 585B	ZNF585B	35
ZNF585B	F2Z3L4	unreviewed	F2Z3L4_HUMAN	Zinc finger protein 585B	ZNF585B	157
ZNF585B	K7EL12	unreviewed	K7EL12_HUMAN	Zinc finger protein 585B	ZNF585B	137
ZNF585B	K7EP93	unreviewed	K7EP93_HUMAN	Zinc finger protein 585B	ZNF585B	60
ZNF585B	K7EPG8	unreviewed	K7EPG8_HUMAN	Zinc finger protein 585B	ZNF585B	17
ZNF675	Q8TD23	reviewed	ZN675_HUMAN	Zinc finger protein 675 (TRAF6-binding zinc finger protein) (TRAF6-inhibitory zinc finger protein)	ZNF675 TIZ	568
ZNF675	M0QXM7	unreviewed	M0QXM7_HUMAN	Zinc finger protein 675	ZNF675	77
ZNF675	M0QXU1	unreviewed	M0QXU1_HUMAN	Zinc finger protein 675	ZNF675	117
ZNF675	M0R1W1	unreviewed	M0R1W1_HUMAN	Zinc finger protein 675	ZNF675	88
ZNF675	M0R1X5	unreviewed	M0R1X5_HUMAN	Zinc finger protein 675	ZNF675	118
ZNF675	M0R373	unreviewed	M0R373_HUMAN	Zinc finger protein 675	ZNF675	104
ZNF675	M0R3E4	unreviewed	M0R3E4_HUMAN	Zinc finger protein 675	ZNF675	101
ZNF675	M0R3G8	unreviewed	M0R3G8_HUMAN	Zinc finger protein 675	ZNF675	79
ZNF83	P51522	reviewed	ZNF83_HUMAN	Zinc finger protein 83 (Zinc finger protein 816B) (Zinc finger protein HPF1)	ZNF83 ZNF816B	516
ZNF83	A0A994J813	unreviewed	A0A994J813_HUMAN	Zinc finger protein 83	ZNF83	105
ZNF83	H9XFB5	unreviewed	H9XFB5_HUMAN	Zinc finger protein 83 isoform a	ZNF83	267
ZNF83	L0R8M2	unreviewed	L0R8M2_HUMAN	Alternative protein ZNF83 (Zinc finger protein 83)	ZNF83	105
ZNF83	M0R3A5	unreviewed	M0R3A5_HUMAN	Zinc finger protein 83	ZNF83	92
ZNF83	Q6P579	unreviewed	Q6P579_HUMAN	ZNF83 protein	ZNF83	335
ZNF787	Q6DD87	reviewed	ZN787_HUMAN	Zinc finger protein 787 (TTF-I-interacting peptide 20)	ZNF787	382
ZNF787	K7EKJ5	unreviewed	K7EKJ5_HUMAN	Zinc finger protein 787	ZNF787	126
ZNF787	M0R0X7	unreviewed	M0R0X7_HUMAN	Zinc finger protein 787	ZNF787	39
SNAI1	O95863	reviewed	SNAI1_HUMAN	Zinc finger protein SNAI1 (Protein snail homolog 1) (Protein sna)	SNAI1 SNAH	264
ZNF775	Q96BV0	reviewed	ZN775_HUMAN	Zinc finger protein 775	ZNF775	537
ZNF775	C9JAM7	unreviewed	C9JAM7_HUMAN	Zinc finger protein 775	ZNF775	166
ZNF775	C9JVG2	unreviewed	C9JVG2_HUMAN	Zinc finger protein 775	ZNF775	144
ZNF543	Q08ER8	reviewed	ZN543_HUMAN	Zinc finger protein 543	ZNF543	600
PRDM1	O75626	reviewed	PRDM1_HUMAN	PR domain zinc finger protein 1 (EC 2.1.1.-) (BLIMP-1) (Beta-interferon gene positive regulatory domain I-binding factor) (PR domain-containing protein 1) (Positive regulatory domain I-binding factor 1) (PRDI-BF1) (PRDI-binding factor 1)	PRDM1 BLIMP1	825
PRDM1	A0A3B3IU23	unreviewed	A0A3B3IU23_HUMAN	PR domain zinc finger protein 1 (EC 2.1.1.-)	PRDM1	839
PRDM1	A1YZ20	unreviewed	A1YZ20_HUMAN	Truncated PRDM1 isoform 2	PRDM1	15
PRDM1	B2REA4	unreviewed	B2REA4_HUMAN	PR/SET domain 1	PRDM1	171
PRDM1	B2REA5	unreviewed	B2REA5_HUMAN	PR/SET domain 1	PRDM1	63
PRDM1	Q3SYG0	unreviewed	Q3SYG0_HUMAN	PR domain zinc finger protein 1 (EC 2.1.1.-)	PRDM1	691
PRDM1	Q5T4E8	unreviewed	Q5T4E8_HUMAN	PR domain zinc finger protein 1 (EC 2.1.1.-)	PRDM1 hCG_33515	789
ZFP90	Q8TF47	reviewed	ZFP90_HUMAN	Zinc finger protein 90 homolog (Zfp-90) (Zinc finger protein 756)	ZFP90 KIAA1954 ZNF756	636
ZFP90	H3BMI1	unreviewed	H3BMI1_HUMAN	ZFP90 zinc finger protein	ZFP90	60
ZFP90	H3BVC6	unreviewed	H3BVC6_HUMAN	ZFP90 zinc finger protein	ZFP90	103
ZFP90	I3L0T2	unreviewed	I3L0T2_HUMAN	ZFP90 zinc finger protein	ZFP90	33
ZFP90	I3L0X7	unreviewed	I3L0X7_HUMAN	ZFP90 zinc finger protein	ZFP90	102
ZFP90	I3L1L4	unreviewed	I3L1L4_HUMAN	ZFP90 zinc finger protein	ZFP90	45
ZFP90	I3L2Q3	unreviewed	I3L2Q3_HUMAN	ZFP90 zinc finger protein	ZFP90	52
ZFP90	I3L3M0	unreviewed	I3L3M0_HUMAN	ZFP90 zinc finger protein	ZFP90	47
ZFP90	J3QKQ8	unreviewed	J3QKQ8_HUMAN	ZFP90 zinc finger protein	ZFP90	93
ZNF257	Q9Y2Q1	reviewed	ZN257_HUMAN	Zinc finger protein 257 (Bone marrow zinc finger 4) (BMZF-4)	ZNF257 BMZF4	563
ZNF257	A0A494C0E0	unreviewed	A0A494C0E0_HUMAN	Zinc finger protein 257	ZNF257	101
ZNF257	M0QXX9	unreviewed	M0QXX9_HUMAN	Zinc finger protein 257	ZNF257	136
ZNF257	M0QYA6	unreviewed	M0QYA6_HUMAN	Zinc finger protein 257	ZNF257	82
ZNF257	M0R0N1	unreviewed	M0R0N1_HUMAN	Zinc finger protein 257	ZNF257	132
ZNF257	M0R321	unreviewed	M0R321_HUMAN	Zinc finger protein 257	ZNF257	35
ZNF436	Q9C0F3	reviewed	ZN436_HUMAN	Zinc finger protein 436	ZNF436 KIAA1710	470
ZNF436	A0AAA9YHR6	unreviewed	A0AAA9YHR6_HUMAN	Zinc finger protein 436	ZNF436	452
ZNF333	Q96JL9	reviewed	ZN333_HUMAN	Zinc finger protein 333	ZNF333 KIAA1806	665
ZNF333	B3KSN8	unreviewed	B3KSN8_HUMAN	Zinc finger protein 333, isoform CRA_a (cDNA FLJ36709 fis, clone UTERU2009951, highly similar to Zinc finger protein 333)	ZNF333 hCG_38596	556
ZNF333	M0R0S8	unreviewed	M0R0S8_HUMAN	Zinc finger protein 333	ZNF333	195
ZNF333	M0R113	unreviewed	M0R113_HUMAN	Zinc finger protein 333	ZNF333	106
ZNF333	M0R1P1	unreviewed	M0R1P1_HUMAN	Zinc finger protein 333	ZNF333	166
ZNF566	Q969W8	reviewed	ZN566_HUMAN	Zinc finger protein 566	ZNF566	418
ZNF566	B4DRR6	unreviewed	B4DRR6_HUMAN	Zinc finger protein 566	ZNF566	314
ZNF566	C9J2D3	unreviewed	C9J2D3_HUMAN	Zinc finger protein 566	ZNF566	157
ZNF566	C9J6X1	unreviewed	C9J6X1_HUMAN	Zinc finger protein 566	ZNF566	233
ZNF566	K7EQC1	unreviewed	K7EQC1_HUMAN	Zinc finger protein 566	ZNF566	77
ZNF347	Q96SE7	reviewed	ZN347_HUMAN	Zinc finger protein 347 (Zinc finger protein 1111)	ZNF347 ZNF1111	839
ZNF347	M0QXR8	unreviewed	M0QXR8_HUMAN	Zinc finger protein 347	ZNF347	125
ZNF347	M0QZE2	unreviewed	M0QZE2_HUMAN	Zinc finger protein 347	ZNF347	102
ZNF347	M0QZJ6	unreviewed	M0QZJ6_HUMAN	Zinc finger protein 347	ZNF347	34
ZNF347	M0R1E9	unreviewed	M0R1E9_HUMAN	Zinc finger protein 347	ZNF347	34
ZNF573	Q86YE8	reviewed	ZN573_HUMAN	Zinc finger protein 573	ZNF573	665
ZNF573	A0A0A0MRV5	unreviewed	A0A0A0MRV5_HUMAN	Zinc finger protein 573	ZNF573	141
ZNF573	K7EL03	unreviewed	K7EL03_HUMAN	Zinc finger protein 573	ZNF573	104
ZNF573	K7EM14	unreviewed	K7EM14_HUMAN	Zinc finger protein 573	ZNF573	110
ZNF573	K7EM47	unreviewed	K7EM47_HUMAN	Zinc finger protein 573	ZNF573	44
ZNF573	K7EQQ2	unreviewed	K7EQQ2_HUMAN	Zinc finger protein 573	ZNF573	125
ZNF573	K7ERS7	unreviewed	K7ERS7_HUMAN	Zinc finger protein 573	ZNF573	102
ZNF573	Q6PIT4	unreviewed	Q6PIT4_HUMAN	ZNF573 protein	ZNF573	113
ZNF229	Q9UJW7	reviewed	ZN229_HUMAN	Zinc finger protein 229	ZNF229	825
ZNF229	A0A087WVZ7	unreviewed	A0A087WVZ7_HUMAN	Zinc finger protein 229	ZNF229	819
ZNF229	A0A087X068	unreviewed	A0A087X068_HUMAN	Zinc finger protein 229	ZNF229	83
ZNF229	K7EIU9	unreviewed	K7EIU9_HUMAN	Zinc finger protein 229	ZNF229	12
ZNF229	L8ECE8	unreviewed	L8ECE8_HUMAN	Alternative protein ZNF229	ZNF229	55
TBX6	O95947	reviewed	TBX6_HUMAN	T-box transcription factor TBX6 (T-box protein 6)	TBX6	436
TBX6	X5D304	unreviewed	X5D304_HUMAN	T-box transcription factor TBX6	TBX6	227
TBX6	X5DP27	unreviewed	X5DP27_HUMAN	T-box transcription factor TBX6	TBX6	468
ZNF480	Q8WV37	reviewed	ZN480_HUMAN	Zinc finger protein 480	ZNF480	535
ZNF480	C9IZQ0	unreviewed	C9IZQ0_HUMAN	Zinc finger protein 480	ZNF480	61
ZNF480	F8WEZ9	unreviewed	F8WEZ9_HUMAN	Zinc finger protein 480	ZNF480	492
ZNF480	M0R367	unreviewed	M0R367_HUMAN	Zinc finger protein 480	ZNF480	165
ZNF480	Q05DL7	unreviewed	Q05DL7_HUMAN	ZNF480 protein	ZNF480	189
ZNF480	Q7Z2X8	unreviewed	Q7Z2X8_HUMAN	ZNF480 protein	ZNF480	163
ZNF550	Q7Z398	reviewed	ZN550_HUMAN	Zinc finger protein 550	ZNF550	422
ZNF550	A0A0C4DGB4	unreviewed	A0A0C4DGB4_HUMAN	Zinc finger protein 550	ZNF550	381
ZNF550	M0QWZ8	unreviewed	M0QWZ8_HUMAN	Zinc finger protein 550	ZNF550	339
ZNF550	M0R337	unreviewed	M0R337_HUMAN	Zinc finger protein 550	ZNF550	125
SP1	P08047	reviewed	SP1_HUMAN	Transcription factor Sp1	SP1 TSFP1	785
SP1	Q8N907	reviewed	DAND5_HUMAN	DAN domain family member 5 (Cerberus-like protein 2) (Cerl-2) (Cysteine knot superfamily 1, BMP antagonist 3) (Gremlin-3)	DAND5 CER2 CKTSF1B3 COCO GREM3 SP1	189
SP1	B2R4Y6	unreviewed	B2R4Y6_HUMAN	Sp1 transcription factor, isoform CRA_a (cDNA, FLJ92269)	SP1 hCG_1787889	32
SP1	C4PGM0	unreviewed	C4PGM0_HUMAN	Specificity protein 1	Sp1	299
SP1	H3BUU5	unreviewed	H3BUU5_HUMAN	Sp1 transcription factor	SP1	162
SP1	H3BVI2	unreviewed	H3BVI2_HUMAN	Sp1 transcription factor	SP1	230
SP1	L8E7F4	unreviewed	L8E7F4_HUMAN	Alternative protein SP1	SP1	140
SP1	Q15403	unreviewed	Q15403_HUMAN	Pregnancy-specific protein	SP1	352
SREBF2	Q12772	reviewed	SRBP2_HUMAN	Sterol regulatory element-binding protein 2 (SREBP-2) (Class D basic helix-loop-helix protein 2) (bHLHd2) (Sterol regulatory element-binding transcription factor 2) [Cleaved into: Processed sterol regulatory element-binding protein 2 (Transcription factor SREBF2)]	SREBF2 BHLHD2 SREBP2	1141
SREBF2	A0AA34QVX2	unreviewed	A0AA34QVX2_HUMAN	Sterol regulatory element-binding protein 2 (Sterol regulatory element-binding transcription factor 2)	SREBF2	1111
SREBF2	G3V0I8	unreviewed	G3V0I8_HUMAN	Sterol regulatory element-binding protein 2 (Sterol regulatory element-binding transcription factor 2)	SREBF2 hCG_41541	684
SREBF2	H0Y7E5	unreviewed	H0Y7E5_HUMAN	Sterol regulatory element binding transcription factor 2	SREBF2	257
ZNF57	Q68EA5	reviewed	ZNF57_HUMAN	Zinc finger protein 57 (Zinc finger protein 424)	ZNF57 ZNF424	555
ZNF57	E5RHE3	unreviewed	E5RHE3_HUMAN	Zinc finger protein 57	ZNF57	147
ZNF57	G3V131	unreviewed	G3V131_HUMAN	Zinc finger protein 57	ZNF57 LOC126295 hCG_2039133	523
ZNF57	K7ERB8	unreviewed	K7ERB8_HUMAN	Zinc finger protein 57	ZNF57	151
ZNF284	Q2VY69	reviewed	ZN284_HUMAN	Zinc finger protein 284	ZNF284 ZNF284L	593
RFX1	P22670	reviewed	RFX1_HUMAN	MHC class II regulatory factor RFX1 (Enhancer factor C) (EF-C) (Regulatory factor X 1) (RFX) (Transcription factor RFX1)	RFX1	979
RFX1	K7EIZ8	unreviewed	K7EIZ8_HUMAN	Regulatory factor X1	RFX1	158
ZNF805	Q5CZA5	reviewed	ZN805_HUMAN	Zinc finger protein 805	ZNF805	627
ZNF805	B9EIQ3	unreviewed	B9EIQ3_HUMAN	Zinc finger protein 805	ZNF805	377
ZNF736	B4DX44	reviewed	ZN736_HUMAN	Zinc finger protein 736	ZNF736	427
ZNF736	A0A1D5RMN6	unreviewed	A0A1D5RMN6_HUMAN	Zinc finger protein 736	ZNF736	10
ZNF485	Q8NCK3	reviewed	ZN485_HUMAN	Zinc finger protein 485	ZNF485	441
ZNF485	C9JV60	unreviewed	C9JV60_HUMAN	Zinc finger protein 485	ZNF485	117
ZNF140	P52738	reviewed	ZN140_HUMAN	Zinc finger protein 140	ZNF140	457
ZNF140	F5GX08	unreviewed	F5GX08_HUMAN	Zinc finger protein 140	ZNF140	79
ZNF140	F5H3Z2	unreviewed	F5H3Z2_HUMAN	Zinc finger protein 140	ZNF140	101
ZNF140	F5H4I1	unreviewed	F5H4I1_HUMAN	Zinc finger protein 140	ZNF140	116
ZNF140	F5H644	unreviewed	F5H644_HUMAN	Zinc finger protein 140	ZNF140	114
ZNF140	F8WAF8	unreviewed	F8WAF8_HUMAN	Zinc finger protein 140	ZNF140	77
ZNF140	I3L0D9	unreviewed	I3L0D9_HUMAN	Zinc finger protein 140	ZNF140	87
ZNF140	I3L0I7	unreviewed	I3L0I7_HUMAN	Zinc finger protein 140	ZNF140	161
ZNF90	Q03938	reviewed	ZNF90_HUMAN	Zinc finger protein 90 (Zinc finger protein HTF9)	ZNF90	601
ZNF90	F8WBQ5	unreviewed	F8WBQ5_HUMAN	Zinc finger protein 90	ZNF90	76
ZNF90	F8WDJ7	unreviewed	F8WDJ7_HUMAN	Zinc finger protein 90	ZNF90	112
ZNF35	P13682	reviewed	ZNF35_HUMAN	Zinc finger protein 35 (Zinc finger protein HF.10)	ZNF35	527
ZNF35	C9J011	unreviewed	C9J011_HUMAN	Zinc finger protein 35	ZNF35	103
ZNF35	C9JGR2	unreviewed	C9JGR2_HUMAN	Zinc finger protein 35	ZNF35	134
ZNF35	C9JGS9	unreviewed	C9JGS9_HUMAN	Zinc finger protein 35	ZNF35	112
ZFP37	Q9Y6Q3	reviewed	ZFP37_HUMAN	Zinc finger protein 37 homolog (Zfp-37)	ZFP37	630
ZNF24	P17028	reviewed	ZNF24_HUMAN	Zinc finger protein 24 (Retinoic acid suppression protein A) (RSG-A) (Zinc finger and SCAN domain-containing protein 3) (Zinc finger protein 191) (Zinc finger protein KOX17)	ZNF24 KOX17 ZNF191 ZSCAN3	368
ZNF24	K7EPL1	unreviewed	K7EPL1_HUMAN	Zinc finger protein 24	ZNF24	138
ZNF24	K7EPZ8	unreviewed	K7EPZ8_HUMAN	Zinc finger protein 24	ZNF24	102
ZNF24	K7EQP8	unreviewed	K7EQP8_HUMAN	Zinc finger protein 24	ZNF24	96
LBX2	Q6XYB7	reviewed	LBX2_HUMAN	Transcription factor LBX2 (Ladybird homeobox 2) (Ladybird homeobox protein homolog 2)	LBX2 LP3727	198
LBX2	G3V218	unreviewed	G3V218_HUMAN	HCG1641699, isoform CRA_b (Ladybird homeobox 2)	LBX2 hCG_1641699	57
MYCN	P04198	reviewed	MYCN_HUMAN	N-myc proto-oncogene protein (Class E basic helix-loop-helix protein 37) (bHLHe37)	MYCN BHLHE37 NMYC	464
MYCN	A0A1W2PPD9	unreviewed	A0A1W2PPD9_HUMAN	MYCN proto-oncogene, bHLH transcription factor	MYCN	253
MYCN	A0A5P8TXN7	unreviewed	A0A5P8TXN7_HUMAN	MYCN proto-oncogene, bHLH transcription factor	MYCN	27
MYCN	L8E744	unreviewed	L8E744_HUMAN	Alternative protein MYCN	MYCN	39
ZNF317	Q96PQ6	reviewed	ZN317_HUMAN	Zinc finger protein 317	ZNF317 KIAA1588	595
ZNF317	K7EKT9	unreviewed	K7EKT9_HUMAN	Zinc finger protein 317	ZNF317	106
ZNF317	K7ERD6	unreviewed	K7ERD6_HUMAN	Zinc finger protein 317	ZNF317	44
VENTX	O95231	reviewed	VENTX_HUMAN	Homeobox protein VENTX (VENT homeobox homolog) (VENT-like homeobox protein 2)	VENTX HPX42B VENTX2	258
POU5F1B	Q06416	reviewed	P5F1B_HUMAN	POU domain, class 5, transcription factor 1B (Oct4-pg1) (Octamer-binding protein 3-like) (Octamer-binding transcription factor 3-like)	POU5F1B OCT4PG1 OTF3C OTF3P1 POU5F1P1 POU5FLC20 POU5FLC8	359
ATOH8	Q96SQ7	reviewed	ATOH8_HUMAN	Transcription factor ATOH8 (Class A basic helix-loop-helix protein 21) (bHLHa21) (Helix-loop-helix protein hATH-6) (hATH6) (Protein atonal homolog 8)	ATOH8 ATH6 BHLHA21	321
ZBTB42	B2RXF5	reviewed	ZBT42_HUMAN	Zinc finger and BTB domain-containing protein 42	ZBTB42	422
ZNF585A	Q6P3V2	reviewed	Z585A_HUMAN	Zinc finger protein 585A	ZNF585A	769
ZNF585A	A0A0C4DFY4	unreviewed	A0A0C4DFY4_HUMAN	Zinc finger protein 585A	ZNF585A	714
ZNF585A	K7ELR3	unreviewed	K7ELR3_HUMAN	Zinc finger protein 585A	ZNF585A	25
ZNF585A	K7EN80	unreviewed	K7EN80_HUMAN	Zinc finger protein 585A	ZNF585A	113
ZNF585A	L8EAQ8	unreviewed	L8EAQ8_HUMAN	Alternative protein ZNF585A	ZNF585A	63
ZNF791	Q3KP31	reviewed	ZN791_HUMAN	Zinc finger protein 791	ZNF791	576
ZNF791	C9JU55	unreviewed	C9JU55_HUMAN	Zinc finger protein 791	ZNF791	69
ZNF791	M0QYQ0	unreviewed	M0QYQ0_HUMAN	Zinc finger protein 791	ZNF791	35
ZNF791	M0R0E8	unreviewed	M0R0E8_HUMAN	Zinc finger protein 791	ZNF791	83
ZNF791	M0R2N1	unreviewed	M0R2N1_HUMAN	Zinc finger protein 791	ZNF791	44
ZNF160	Q9HCG1	reviewed	ZN160_HUMAN	Zinc finger protein 160 (Zinc finger protein HZF5) (Zinc finger protein Kr18) (HKr18)	ZNF160 KIAA1611	818
ZNF160	M0QXU9	unreviewed	M0QXU9_HUMAN	Zinc finger protein 160	ZNF160	556
ZNF160	M0QZ49	unreviewed	M0QZ49_HUMAN	Zinc finger protein 160	ZNF160	117
ZNF160	M0QZI7	unreviewed	M0QZI7_HUMAN	Zinc finger protein 160	ZNF160 hCG_19658	782
ZNF879	B4DU55	reviewed	ZN879_HUMAN	Zinc finger protein 879	ZNF879	563
ZNF879	E5RGZ8	unreviewed	E5RGZ8_HUMAN	Zinc finger protein 879	ZNF879	107
ZNF879	E5RI37	unreviewed	E5RI37_HUMAN	Zinc finger protein 879	ZNF879	134
ZNF879	E5RJY9	unreviewed	E5RJY9_HUMAN	Zinc finger protein 879	ZNF879	41
ZNF850	A8MQ14	reviewed	ZN850_HUMAN	Zinc finger protein 850	ZNF850	1090
ZNF850	A0A087X0M6	unreviewed	A0A087X0M6_HUMAN	Zinc finger protein 850	ZNF850	1058
ZNF850	K7EJI8	unreviewed	K7EJI8_HUMAN	Zinc finger protein 850	ZNF850	84
ZNF646	O15015	reviewed	ZN646_HUMAN	Zinc finger protein 646	ZNF646 KIAA0296	1832
ZNF646	C9J3L0	unreviewed	C9J3L0_HUMAN	Zinc finger protein 646	ZNF646	240
ZNF646	H3BSD0	unreviewed	H3BSD0_HUMAN	Zinc finger protein 646	ZNF646	54
ZNF77	Q15935	reviewed	ZNF77_HUMAN	Zinc finger protein 77 (ZNFpT1)	ZNF77	545
ZNF77	A8K4L4	unreviewed	A8K4L4_HUMAN	Zinc finger protein 77 (PT1)	ZNF77 hCG_1820474	545
ZNF623	O75123	reviewed	ZN623_HUMAN	Zinc finger protein 623	ZNF623 KIAA0628	536
RXRB	P28702	reviewed	RXRB_HUMAN	Retinoic acid receptor RXR-beta (Nuclear receptor subfamily 2 group B member 2) (Retinoid X receptor beta)	RXRB NR2B2	533
RXRB	A0A0G2JHI1	unreviewed	A0A0G2JHI1_HUMAN	Retinoid X receptor beta	RXRB	96
RXRB	A0A0G2JKR7	unreviewed	A0A0G2JKR7_HUMAN	Retinoid X receptor beta	RXRB	347
RXRB	A0A0S2Z4M5	unreviewed	A0A0S2Z4M5_HUMAN	Retinoid X receptor beta isoform 3	RXRB	508
RXRB	A0A0S2Z4N9	unreviewed	A0A0S2Z4N9_HUMAN	Retinoid X receptor beta isoform 4	RXRB	171
RXRB	A0A0S2Z570	unreviewed	A0A0S2Z570_HUMAN	RXRB (Retinoid X receptor beta isoform 2)	RXRB	537
RXRB	E9PK75	unreviewed	E9PK75_HUMAN	Retinoid X receptor beta	RXRB	79
RXRB	J3JS70	unreviewed	J3JS70_HUMAN	Retinoid X receptor, beta	RXRB RP5-1033B10.6-006	262
RXRB	J3JS71	unreviewed	J3JS71_HUMAN	Retinoid X receptor, beta	RXRB RP5-1033B10.6-004	482
RXRB	Q5STP9	unreviewed	Q5STP9_HUMAN	Retinoid X nuclear receptor beta (Retinoid X receptor beta isoform 1) (Retinoid X receptor, beta)	RXRB NR2B2 hCG_2042227	533
ZNF493	Q6ZR52	reviewed	ZN493_HUMAN	Zinc finger protein 493	ZNF493	646
ZNF493	M0QXT4	unreviewed	M0QXT4_HUMAN	Zinc finger protein 493	ZNF493 LOC115648 hCG_1780065	95
ZNF493	M0QY95	unreviewed	M0QY95_HUMAN	Zinc finger protein 493	ZNF493	94
ZNF493	M0R1U0	unreviewed	M0R1U0_HUMAN	Zinc finger protein 493	ZNF493	48
ZNF493	Q2M1I7	unreviewed	Q2M1I7_HUMAN	ZNF493 protein	ZNF493	679
SLC2A4RG	Q9NR83	reviewed	S2A4R_HUMAN	SLC2A4 regulator (GLUT4 enhancer factor) (GEF) (Huntington disease gene regulatory region-binding protein 1) (HDBP-1)	SLC2A4RG HDBP1	387
ZNF132	P52740	reviewed	ZN132_HUMAN	Zinc finger protein 132	ZNF132	706
ZNF132	L8ECA3	unreviewed	L8ECA3_HUMAN	Alternative protein ZNF132	ZNF132	170
ZFP41	Q8N8Y5	reviewed	ZFP41_HUMAN	Zinc finger protein 41 homolog (Zfp-41)	ZFP41	198
ZNF813	Q6ZN06	reviewed	ZN813_HUMAN	Zinc finger protein 813	ZNF813	617
ZNF813	C9JZ01	unreviewed	C9JZ01_HUMAN	Zinc finger protein 813	ZNF813	125
ZNF813	E7EU70	unreviewed	E7EU70_HUMAN	Zinc finger protein 813	ZNF813	146
ZNF616	Q08AN1	reviewed	ZN616_HUMAN	Zinc finger protein 616	ZNF616	781
ZNF616	M0QXF0	unreviewed	M0QXF0_HUMAN	Zinc finger protein 616	ZNF616	39
ZNF616	M0QYU5	unreviewed	M0QYU5_HUMAN	Zinc finger protein 616	ZNF616	69
ZNF616	M0R0C2	unreviewed	M0R0C2_HUMAN	Zinc finger protein 616	ZNF616	74
ZNF616	Q08AN0	unreviewed	Q08AN0_HUMAN	ZNF616 protein	ZNF616	51
ZNF789	Q5FWF6	reviewed	ZN789_HUMAN	Zinc finger protein 789	ZNF789	425
ZNF789	C9J3R7	unreviewed	C9J3R7_HUMAN	Zinc finger protein 789	ZNF789	56
ZNF789	C9J487	unreviewed	C9J487_HUMAN	Zinc finger protein 789	ZNF789	118
ZNF789	C9JUE3	unreviewed	C9JUE3_HUMAN	Zinc finger protein 789	ZNF789	56
ZNF789	F8WEN0	unreviewed	F8WEN0_HUMAN	Zinc finger protein 789	ZNF789	55
ZNF23	P17027	reviewed	ZNF23_HUMAN	Zinc finger protein 23 (Zinc finger protein 359) (Zinc finger protein 612) (Zinc finger protein KOX16)	ZNF23 KOX16 ZNF359 ZNF612	643
ZNF23	A0A3B3ITE4	unreviewed	A0A3B3ITE4_HUMAN	Zinc finger protein 23	ZNF23	686
ZNF23	H0Y310	unreviewed	H0Y310_HUMAN	Zinc finger protein 23	ZNF23	122
ZNF23	H3BMC6	unreviewed	H3BMC6_HUMAN	Zinc finger protein 23	ZNF23	103
ZNF23	H3BPE6	unreviewed	H3BPE6_HUMAN	Zinc finger protein 23	ZNF23	27
ZNF23	H3BSF8	unreviewed	H3BSF8_HUMAN	Zinc finger protein 23	ZNF23	83
ZNF425	Q6IV72	reviewed	ZN425_HUMAN	Zinc finger protein 425	ZNF425	752
ZNF425	C9JNW7	unreviewed	C9JNW7_HUMAN	Zinc finger protein 425	ZNF425	149
ZNF285	Q96NJ3	reviewed	ZN285_HUMAN	Zinc finger protein 285 (Zinc finger protein 285A)	ZNF285 ZNF285A	590
ZNF285	K7EIK6	unreviewed	K7EIK6_HUMAN	Zinc finger protein 285	ZNF285	597
ZNF285	K7EQE9	unreviewed	K7EQE9_HUMAN	Zinc finger protein 285	ZNF285	56
ZNF285	K7ERT5	unreviewed	K7ERT5_HUMAN	Zinc finger protein 285	ZNF285	39
ZNF285	Q86WM0	unreviewed	Q86WM0_HUMAN	Zinc finger protein ZNF285	ZNF285	278
ZNF669	Q96BR6	reviewed	ZN669_HUMAN	Zinc finger protein 669	ZNF669	464
ZNF669	E5RI66	unreviewed	E5RI66_HUMAN	Zinc finger protein 669	ZNF669	139
ZNF669	Q5VT36	unreviewed	Q5VT36_HUMAN	Zinc finger protein 669	ZNF669	61
ZNF669	Q5VT37	unreviewed	Q5VT37_HUMAN	Zinc finger protein 669	ZNF669	71
ZSCAN21	Q9Y5A6	reviewed	ZSC21_HUMAN	Zinc finger and SCAN domain-containing protein 21 (Renal carcinoma antigen NY-REN-21) (Zinc finger protein 38 homolog) (Zfp-38)	ZSCAN21 ZFP38 ZNF38	473
ZSCAN21	C9JHD9	unreviewed	C9JHD9_HUMAN	Zinc finger and SCAN domain containing 21	ZSCAN21	181
ZSCAN21	G3V0F4	unreviewed	G3V0F4_HUMAN	Zinc finger and SCAN domain containing 21 (Zinc finger protein 38, isoform CRA_b)	ZSCAN21 ZNF38 hCG_1641359	450
ZSCAN21	Q8N506	unreviewed	Q8N506_HUMAN	ZSCAN21 protein	ZSCAN21	229
CAMTA2	O94983	reviewed	CMTA2_HUMAN	Calmodulin-binding transcription activator 2	CAMTA2 KIAA0909	1202
CAMTA2	A5PL10	unreviewed	A5PL10_HUMAN	Calmodulin-binding transcription activator 2	CAMTA2	1202
CAMTA2	B2RZG4	unreviewed	B2RZG4_HUMAN	Calmodulin-binding transcription activator 2	CAMTA2	1202
CAMTA2	B7ZM30	unreviewed	B7ZM30_HUMAN	Calmodulin-binding transcription activator 2	CAMTA2	1178
CAMTA2	I3L146	unreviewed	I3L146_HUMAN	Calmodulin binding transcription activator 2	CAMTA2	161
CAMTA2	I3L2A1	unreviewed	I3L2A1_HUMAN	Calmodulin binding transcription activator 2	CAMTA2	178
CAMTA2	I3L3V0	unreviewed	I3L3V0_HUMAN	Calmodulin binding transcription activator 2	CAMTA2	163
CAMTA2	I3L3W6	unreviewed	I3L3W6_HUMAN	Calmodulin-binding transcription activator 2	CAMTA2	1207
ZNF233	A6NK53	reviewed	ZN233_HUMAN	Zinc finger protein 233	ZNF233	670
ZNF233	Q9NZL3	reviewed	ZN224_HUMAN	Zinc finger protein 224 (Bone marrow zinc finger 2) (BMZF-2) (Zinc finger protein 233) (Zinc finger protein 255) (Zinc finger protein 27) (Zinc finger protein KOX22)	ZNF224 BMZF2 KOX22 ZNF233 ZNF255 ZNF27	707
ZNF233	K7EJE5	unreviewed	K7EJE5_HUMAN	Zinc finger protein 233	ZNF233	116
ZNF233	K7EJT0	unreviewed	K7EJT0_HUMAN	Zinc finger protein 233	ZNF233	83
ZNF233	K7EN46	unreviewed	K7EN46_HUMAN	Zinc finger protein 233	ZNF233	162
ZNF233	K7ER86	unreviewed	K7ER86_HUMAN	Zinc finger protein 233	ZNF233	140
ZBED4	O75132	reviewed	ZBED4_HUMAN	Zinc finger BED domain-containing protein 4	ZBED4 KIAA0637	1171
ZFP69B	Q9UJL9	reviewed	ZF69B_HUMAN	Zinc finger protein 69 homolog B (Zinc finger protein 643)	ZFP69B ZNF643	534
ZFP69B	E9PS66	unreviewed	E9PS66_HUMAN	ZFP69 zinc finger protein B	ZFP69B	131
ZNF395	Q9H8N7	reviewed	ZN395_HUMAN	Zinc finger protein 395 (HD-regulating factor 2) (HDRF-2) (Huntington disease gene regulatory region-binding protein 2) (HD gene regulatory region-binding protein 2) (HDBP-2) (Papillomavirus regulatory factor 1) (PRF-1) (Papillomavirus-binding factor)	ZNF395 HDBP2 PBF	513
ZNF395	A0A0C4DGD9	unreviewed	A0A0C4DGD9_HUMAN	Zinc finger protein 395	ZNF395	47
ZNF395	E5RFV4	unreviewed	E5RFV4_HUMAN	Zinc finger protein 395	ZNF395	187
ZNF395	E5RG59	unreviewed	E5RG59_HUMAN	Zinc finger protein 395	ZNF395	124
ZNF395	E5RGF1	unreviewed	E5RGF1_HUMAN	Zinc finger protein 395	ZNF395	156
ZNF395	E5RH90	unreviewed	E5RH90_HUMAN	Zinc finger protein 395	ZNF395	102
ZNF395	H0YAN1	unreviewed	H0YAN1_HUMAN	Zinc finger protein 395	ZNF395	30
ZNF224	Q9NZL3	reviewed	ZN224_HUMAN	Zinc finger protein 224 (Bone marrow zinc finger 2) (BMZF-2) (Zinc finger protein 233) (Zinc finger protein 255) (Zinc finger protein 27) (Zinc finger protein KOX22)	ZNF224 BMZF2 KOX22 ZNF233 ZNF255 ZNF27	707
ZNF224	K7EL24	unreviewed	K7EL24_HUMAN	Zinc finger protein 224	ZNF224	53
ZNF224	K7ENI7	unreviewed	K7ENI7_HUMAN	Zinc finger protein 224	ZNF224	124
ZNF224	Q9BU51	unreviewed	Q9BU51_HUMAN	ZNF224 protein	ZNF224	34
ZNF224	Q9HCA8	unreviewed	Q9HCA8_HUMAN	ZNF224 [amino acids 1-78]	ZNF224	78
ZNF85	Q03923	reviewed	ZNF85_HUMAN	Zinc finger protein 85 (Zinc finger protein HPF4) (Zinc finger protein HTF1)	ZNF85	595
ZNF85	M0QXL2	unreviewed	M0QXL2_HUMAN	Zinc finger protein 85	ZNF85	146
ZNF85	M0QZ75	unreviewed	M0QZ75_HUMAN	Zinc finger protein 85	ZNF85	122
ZNF85	M0QZN6	unreviewed	M0QZN6_HUMAN	Zinc finger protein 85	ZNF85	129
ZNF85	M0R0J7	unreviewed	M0R0J7_HUMAN	Zinc finger protein 85	ZNF85	119
ZNF85	M0R0V3	unreviewed	M0R0V3_HUMAN	Zinc finger protein 85	ZNF85	62
ZNF85	Q49A12	unreviewed	Q49A12_HUMAN	ZNF85 protein (Zinc finger protein 85)	ZNF85	536
ZNF85	Q96HE0	unreviewed	Q96HE0_HUMAN	ZNF85 protein (Zinc finger protein 85)	ZNF85	55
ZNF189	O75820	reviewed	ZN189_HUMAN	Zinc finger protein 189	ZNF189	626
ZNF189	A0A087X0K2	unreviewed	A0A087X0K2_HUMAN	Zinc finger protein 189	ZNF189	85
ZNF189	B7ZLK9	unreviewed	B7ZLK9_HUMAN	ZNF189 protein	ZNF189	611
HLF	Q16534	reviewed	HLF_HUMAN	Hepatic leukemia factor	HLF	295
HLF	I3L386	unreviewed	I3L386_HUMAN	HLF transcription factor, PAR bZIP family member	HLF	77
HLF	I3L4R4	unreviewed	I3L4R4_HUMAN	HLF transcription factor, PAR bZIP family member	HLF	236
CEBPD	P49716	reviewed	CEBPD_HUMAN	CCAAT/enhancer-binding protein delta (C/EBP delta) (Nuclear factor NF-IL6-beta) (NF-IL6-beta)	CEBPD	269
CEBPD	Q504X4	unreviewed	Q504X4_HUMAN	CEBPD protein	CEBPD	133
MYSM1	Q5VVJ2	reviewed	MYSM1_HUMAN	Deubiquitinase MYSM1 (2A-DUB) (EC 3.4.19.-) (Myb-like, SWIRM and MPN domain-containing protein 1)	MYSM1 KIAA1915	828
MYSM1	A0A590UJD8	unreviewed	A0A590UJD8_HUMAN	Deubiquitinase MYSM1 (Myb-like, SWIRM and MPN domain-containing protein 1)	MYSM1	806
MYSM1	A0A590UJT8	unreviewed	A0A590UJT8_HUMAN	Myb like, SWIRM and MPN domains 1	MYSM1	111
MYSM1	A0A590UJW2	unreviewed	A0A590UJW2_HUMAN	Deubiquitinase MYSM1 (Myb-like, SWIRM and MPN domain-containing protein 1)	MYSM1	573
MYSM1	A0A590UK32	unreviewed	A0A590UK32_HUMAN	Deubiquitinase MYSM1 (Myb-like, SWIRM and MPN domain-containing protein 1)	MYSM1	526
MYSM1	A0A8V8TKW8	unreviewed	A0A8V8TKW8_HUMAN	Deubiquitinase MYSM1 (Myb-like, SWIRM and MPN domain-containing protein 1)	MYSM1	820
MYSM1	A0A8V8TMF1	unreviewed	A0A8V8TMF1_HUMAN	Myb like, SWIRM and MPN domains 1	MYSM1	119
ZNF530	Q6P9A1	reviewed	ZN530_HUMAN	Zinc finger protein 530	ZNF530 KIAA1508	599
ZNF530	M0R0Y5	unreviewed	M0R0Y5_HUMAN	Zinc finger protein 530	ZNF530	28
ZNF530	M0R1P0	unreviewed	M0R1P0_HUMAN	Zinc finger protein 530	ZNF530	566
ZNF853	P0CG23	reviewed	ZN853_HUMAN	Zinc finger protein 853	ZNF853	659
ZNF853	L8E8C2	unreviewed	L8E8C2_HUMAN	Alternative protein ZNF853	ZNF853	115
ELF2	Q15723	reviewed	ELF2_HUMAN	ETS-related transcription factor Elf-2 (E74-like factor 2) (New ETS-related factor)	ELF2 NERF	593
ELF2	B7Z720	unreviewed	B7Z720_HUMAN	E74-like factor 2 (Ets domain transcription factor), isoform CRA_b (cDNA FLJ53930, highly similar to ETS-related transcription factor Elf-2) (cDNA, FLJ79354, highly similar to ETS-related transcription factor Elf-2)	ELF2 hCG_1641148	521
ELF2	D6RGD9	unreviewed	D6RGD9_HUMAN	E74 like ETS transcription factor 2	ELF2	93
ELF2	D6RHI1	unreviewed	D6RHI1_HUMAN	E74 like ETS transcription factor 2	ELF2	192
ZNF671	Q8TAW3	reviewed	ZN671_HUMAN	Zinc finger protein 671	ZNF671	534
ZNF671	M0QX87	unreviewed	M0QX87_HUMAN	Zinc finger protein 671	ZNF671	56
ZNF671	M0R091	unreviewed	M0R091_HUMAN	Zinc finger protein 671	ZNF671	107
ZNF254	O75437	reviewed	ZN254_HUMAN	Zinc finger protein 254 (Bone marrow zinc finger 5) (BMZF-5) (Hematopoietic cell-derived zinc finger protein 1) (HD-ZNF1) (Zinc finger protein 539) (Zinc finger protein 91-like)	ZNF254 BMZF5 ZNF539 ZNF91L	659
ZNF254	A0A087WZJ7	unreviewed	A0A087WZJ7_HUMAN	Zinc finger protein 254	ZNF254	618
ZNF254	A0A087X0A2	unreviewed	A0A087X0A2_HUMAN	Zinc finger protein 254	ZNF254	586
ZNF254	F5H2M4	unreviewed	F5H2M4_HUMAN	Zinc finger protein 254	ZNF254	574
ZNF254	M0QZY2	unreviewed	M0QZY2_HUMAN	Zinc finger protein 254	ZNF254	53
ZNF254	M0R2X5	unreviewed	M0R2X5_HUMAN	Zinc finger protein 254	ZNF254	75
ZNF254	Q7Z2R1	unreviewed	Q7Z2R1_HUMAN	HCG19985, isoform CRA_b (ZNF254 protein) (Zinc finger protein 254)	ZNF254 hCG_19985	91
SMAD3	P84022	reviewed	SMAD3_HUMAN	Mothers against decapentaplegic homolog 3 (MAD homolog 3) (Mad3) (Mothers against DPP homolog 3) (hMAD-3) (JV15-2) (SMAD family member 3) (SMAD 3) (Smad3) (hSMAD3)	SMAD3 MADH3	425
SMAD3	A0AAQ5BHE0	unreviewed	A0AAQ5BHE0_HUMAN	SMAD family member 3	SMAD3	107
SMAD3	A0AAQ5BHF1	unreviewed	A0AAQ5BHF1_HUMAN	Mothers against decapentaplegic homolog (MAD homolog) (Mothers against DPP homolog) (SMAD family member)	SMAD3	308
SMAD3	A0AAQ5BHI7	unreviewed	A0AAQ5BHI7_HUMAN	Mothers against decapentaplegic homolog (MAD homolog) (Mothers against DPP homolog) (SMAD family member)	SMAD3	381
SMAD3	A0AAQ5BHJ5	unreviewed	A0AAQ5BHJ5_HUMAN	SMAD family member 3	SMAD3	80
SMAD3	A0AAQ5BHK2	unreviewed	A0AAQ5BHK2_HUMAN	Mothers against decapentaplegic homolog (MAD homolog) (Mothers against DPP homolog) (SMAD family member)	SMAD3	436
SMAD3	H0YKE2	unreviewed	H0YKE2_HUMAN	SMAD family member 3	SMAD3	112
SMAD3	H0YL71	unreviewed	H0YL71_HUMAN	SMAD family member 3	SMAD3	92
SMAD3	H0YMP2	unreviewed	H0YMP2_HUMAN	SMAD family member 3	SMAD3	63
SMAD3	H0YMY0	unreviewed	H0YMY0_HUMAN	SMAD family member 3	SMAD3	10
SMAD3	H0YNV1	unreviewed	H0YNV1_HUMAN	SMAD family member 3	SMAD3	84
SMAD3	H3BP09	unreviewed	H3BP09_HUMAN	SMAD family member 3	SMAD3	114
SMAD3	H3BQ00	unreviewed	H3BQ00_HUMAN	Mothers against decapentaplegic homolog (MAD homolog) (Mothers against DPP homolog) (SMAD family member)	SMAD3	462
SMAD3	H3BVD1	unreviewed	H3BVD1_HUMAN	Mothers against decapentaplegic homolog (MAD homolog) (Mothers against DPP homolog) (SMAD family member)	SMAD3	274
ZNF48	Q96MX3	reviewed	ZNF48_HUMAN	Zinc finger protein 48 (Zinc finger protein 553)	ZNF48 ZNF553	618
ZNF48	A0A087WVT1	unreviewed	A0A087WVT1_HUMAN	Zinc finger protein 48 (Zinc finger protein 553)	ZNF48	495
ZNF48	E9PJ50	unreviewed	E9PJ50_HUMAN	Zinc finger protein 48	ZNF48	147
ZNF274	Q96GC6	reviewed	ZN274_HUMAN	Neurotrophin receptor-interacting factor homolog (Zinc finger protein 274) (Zinc finger protein HFB101) (Zinc finger protein with KRAB and SCAN domains 19) (Zinc finger protein zfp2) (Zf2)	ZNF274 ZKSCAN19 SP2114	653
ZNF274	A0A0A0MR47	unreviewed	A0A0A0MR47_HUMAN	Neurotrophin receptor-interacting factor homolog (Zinc finger protein 274)	ZNF274	611
ZNF274	M0QXW4	unreviewed	M0QXW4_HUMAN	Zinc finger protein 274	ZNF274	103
ZNF274	M0QY30	unreviewed	M0QY30_HUMAN	Zinc finger protein 274	ZNF274	79
SP140	Q13342	reviewed	SP140_HUMAN	Nuclear body protein SP140 (Lymphoid-restricted homolog of Sp100) (LYSp100) (Nuclear autoantigen Sp-140) (Speckled 140 kDa)	SP140 LYSP100	867
SP140	Q0VGE4	unreviewed	Q0VGE4_HUMAN	SP140 protein	SP140	807
SP140	Q7Z2U4	unreviewed	Q7Z2U4_HUMAN	SP140 protein	SP140	238
SP140	U3KPV9	unreviewed	U3KPV9_HUMAN	SP140 nuclear body protein	SP140	29
ZNF684	Q5T5D7	reviewed	ZN684_HUMAN	Zinc finger protein 684	ZNF684	378
ZNF684	Q5T5D8	unreviewed	Q5T5D8_HUMAN	Zinc finger protein 684	ZNF684	119
ZNF684	Q5T5D9	unreviewed	Q5T5D9_HUMAN	Zinc finger protein 684	ZNF684	92
ZNF528	Q3MIS6	reviewed	ZN528_HUMAN	Zinc finger protein 528	ZNF528 KIAA1827	628
ZNF528	A0A1D5RMT7	unreviewed	A0A1D5RMT7_HUMAN	Zinc finger protein 528	ZNF528	8
ZNF528	C9JLS3	unreviewed	C9JLS3_HUMAN	Zinc finger protein 528	ZNF528	14
ZNF528	C9K0H2	unreviewed	C9K0H2_HUMAN	Zinc finger protein 528	ZNF528	81
ZNF528	F8WAL3	unreviewed	F8WAL3_HUMAN	Zinc finger protein 528	ZNF528	123
ZNF528	J3KQN0	unreviewed	J3KQN0_HUMAN	Zinc finger protein 528	ZNF528	85
ZNF528	M0QXZ2	unreviewed	M0QXZ2_HUMAN	Zinc finger protein 528	ZNF528	106
ZNF528	M0QZG9	unreviewed	M0QZG9_HUMAN	Zinc finger protein 528	ZNF528	91
E2F2	Q14209	reviewed	E2F2_HUMAN	Transcription factor E2F2 (E2F-2)	E2F2	437
ZNF407	Q9C0G0	reviewed	ZN407_HUMAN	Zinc finger protein 407	ZNF407 KIAA1703	2248
ZNF407	A0A087WV78	unreviewed	A0A087WV78_HUMAN	Zinc finger protein 407	ZNF407	137
ZNF407	A0A087WYH1	unreviewed	A0A087WYH1_HUMAN	Zinc finger protein 407	ZNF407	129
ETV3	P41162	reviewed	ETV3_HUMAN	ETS translocation variant 3 (ETS domain transcriptional repressor PE1) (PE-1) (Mitogenic Ets transcriptional suppressor)	ETV3 METS PE1	512
ZNF14	P17017	reviewed	ZNF14_HUMAN	Zinc finger protein 14 (Gonadotropin-inducible ovary transcription repressor 4) (GIOT-4) (Zinc finger protein KOX6)	ZNF14 GIOT4 KOX6	642
ZNF7	P17097	reviewed	ZNF7_HUMAN	Zinc finger protein 7 (Zinc finger protein HF.16) (Zinc finger protein KOX4)	ZNF7 KOX4	686
ZNF7	E9PIH3	unreviewed	E9PIH3_HUMAN	Zinc finger protein 7	ZNF7	159
ZNF7	E9PJX9	unreviewed	E9PJX9_HUMAN	Zinc finger protein 7	ZNF7	685
ZNF7	E9PJZ3	unreviewed	E9PJZ3_HUMAN	Zinc finger protein 7	ZNF7	719
ZNF7	E9PM16	unreviewed	E9PM16_HUMAN	Zinc finger protein 7	ZNF7	134
ZNF7	E9PPK0	unreviewed	E9PPK0_HUMAN	Zinc finger protein 7	ZNF7	241
ZNF7	E9PQI2	unreviewed	E9PQI2_HUMAN	Zinc finger protein 7	ZNF7	86
ZNF7	F5H290	unreviewed	F5H290_HUMAN	Zinc finger protein 7	ZNF7	590
ZNF302	Q9NR11	reviewed	ZN302_HUMAN	Zinc finger protein 302 (Zinc finger protein 135-like) (Zinc finger protein 140-like) (Zinc finger protein 327)	ZNF302 ZNF135L ZNF140L ZNF327	478
ZNF302	A0A087WYF4	unreviewed	A0A087WYF4_HUMAN	Zinc finger protein 302	ZNF302	400
ZNF302	B4DMN2	unreviewed	B4DMN2_HUMAN	Zinc finger protein 302	ZNF302	132
ZNF302	D6R9Q0	unreviewed	D6R9Q0_HUMAN	Zinc finger protein 302	ZNF302	131
ZNF302	D6RA23	unreviewed	D6RA23_HUMAN	Zinc finger protein 302	ZNF302	120
ZNF302	D6RAM0	unreviewed	D6RAM0_HUMAN	Zinc finger protein 302	ZNF302	142
ZNF302	E7EVR1	unreviewed	E7EVR1_HUMAN	Zinc finger protein 302	ZNF302	443
ZNF302	V9GYY2	unreviewed	V9GYY2_HUMAN	Zinc finger protein 302	ZNF302	28
TAF1	P21675	reviewed	TAF1_HUMAN	Transcription initiation factor TFIID subunit 1 (EC 2.3.1.48) (EC 2.7.11.1) (Cell cycle gene 1 protein) (TBP-associated factor 250 kDa) (p250) (Transcription initiation factor TFIID 250 kDa subunit) (TAF(II)250) (TAFII-250) (TAFII250)	TAF1 BA2R CCG1 CCGS TAF2A	1893
TAF1	A0A804HHS0	unreviewed	A0A804HHS0_HUMAN	TATA-box binding protein associated factor 1	TAF1	840
TAF1	A0A804HIC2	unreviewed	A0A804HIC2_HUMAN	Transcription initiation factor TFIID subunit	TAF1	1907
TAF1	A0A804HIY8	unreviewed	A0A804HIY8_HUMAN	TATA-box binding protein associated factor 1	TAF1	1598
TAF1	A0A804HJ34	unreviewed	A0A804HJ34_HUMAN	TATA-box binding protein associated factor 1	TAF1	183
TAF1	A0A804HJ48	unreviewed	A0A804HJ48_HUMAN	TATA-box binding protein associated factor 1	TAF1	73
TAF1	A0A804HJE0	unreviewed	A0A804HJE0_HUMAN	TATA-box binding protein associated factor 1	TAF1	247
TAF1	A0A804HJT5	unreviewed	A0A804HJT5_HUMAN	TATA-box binding protein associated factor 1	TAF1	195
TAF1	A0A804HK00	unreviewed	A0A804HK00_HUMAN	TATA-box binding protein associated factor 1	TAF1	48
TAF1	A0A804HK58	unreviewed	A0A804HK58_HUMAN	Transcription initiation factor TFIID subunit	TAF1	1877
TAF1	A0A804HLH3	unreviewed	A0A804HLH3_HUMAN	TATA-box binding protein associated factor 1	TAF1	336
TAF1	A0AA75HR15	unreviewed	A0AA75HR15_HUMAN	TATA-box binding protein associated factor 1	TAF1	1637
TAF1	H0Y8N6	unreviewed	H0Y8N6_HUMAN	TATA-box binding protein associated factor 1	TAF1	150
TAF1	H0Y9L7	unreviewed	H0Y9L7_HUMAN	TATA-box binding protein associated factor 1	TAF1	341
TAF1	H7BY98	unreviewed	H7BY98_HUMAN	TATA-box binding protein associated factor 1	TAF1	458
TAF1	H7C2K9	unreviewed	H7C2K9_HUMAN	TATA-box binding protein associated factor 1	TAF1	456
TAF1	L8EAA9	unreviewed	L8EAA9_HUMAN	Alternative protein TAF1	TAF1	48
UBP1	Q9NZI7	reviewed	UBIP1_HUMAN	Upstream-binding protein 1 (Transcription factor LBP-1)	UBP1 LBP1	540
UBP1	C9JWL3	unreviewed	C9JWL3_HUMAN	Upstream binding protein 1	UBP1	148
UBP1	F8WEP8	unreviewed	F8WEP8_HUMAN	Upstream-binding protein 1	UBP1	164
ZNF799	Q96GE5	reviewed	ZN799_HUMAN	Zinc finger protein 799 (Zinc finger protein 842)	ZNF799 ZNF842	643
ZNF799	D3YTF2	unreviewed	D3YTF2_HUMAN	HCG2002260, isoform CRA_b (Zinc finger protein 799)	ZNF799 hCG_2002260	611
ZNF799	M0R0E1	unreviewed	M0R0E1_HUMAN	Zinc finger protein 799	ZNF799	91
ZNF667	Q5HYK9	reviewed	ZN667_HUMAN	Zinc finger protein 667	ZNF667	610
ZNF667	K7EIE0	unreviewed	K7EIE0_HUMAN	Zinc finger protein 667	ZNF667	84
ZNF667	K7EQ15	unreviewed	K7EQ15_HUMAN	Zinc finger protein 667	ZNF667	91
ZNF667	K7ERY5	unreviewed	K7ERY5_HUMAN	Zinc finger protein 667	ZNF667	158
ZNF667	M0QX02	unreviewed	M0QX02_HUMAN	Zinc finger protein 667	ZNF667	127
ZNF667	Q9ULA1	unreviewed	Q9ULA1_HUMAN	Zinc finger protein 667	ZNF667 hCG_1641961	738
ZNF584	Q8IVC4	reviewed	ZN584_HUMAN	Zinc finger protein 584	ZNF584	421
ZNF584	F6W0P0	unreviewed	F6W0P0_HUMAN	Zinc finger protein 584	ZNF584	145
ZNF584	M0QZA3	unreviewed	M0QZA3_HUMAN	Zinc finger protein 584	ZNF584	93
ZNF584	M0R0A3	unreviewed	M0R0A3_HUMAN	Zinc finger protein 584	ZNF584	376
ZNF584	M0R2W6	unreviewed	M0R2W6_HUMAN	Zinc finger protein 584	ZNF584	32
ZNF584	M0R3F5	unreviewed	M0R3F5_HUMAN	Zinc finger protein 584	ZNF584	29
ZNF584	Q8WVQ2	unreviewed	Q8WVQ2_HUMAN	ZNF584 protein	ZNF584	248
ZNF490	Q9ULM2	reviewed	ZN490_HUMAN	Zinc finger protein 490	ZNF490 KIAA1198	529
ZNF490	C9JID3	unreviewed	C9JID3_HUMAN	Zinc finger protein 490	ZNF490	131
ZNF490	F8WDW6	unreviewed	F8WDW6_HUMAN	Zinc finger protein 490	ZNF490	60
ZNF350	Q9GZX5	reviewed	ZN350_HUMAN	Zinc finger protein 350 (KRAB zinc finger protein ZFQR) (Zinc finger and BRCA1-interacting protein with a KRAB domain 1) (Zinc finger protein ZBRK1)	ZNF350 ZBRK1	532
ZNF350	M0QY52	unreviewed	M0QY52_HUMAN	Zinc finger protein 350	ZNF350	67
ZNF350	M0QYT6	unreviewed	M0QYT6_HUMAN	Zinc finger protein 350	ZNF350	62
ZNF350	M0R017	unreviewed	M0R017_HUMAN	Zinc finger protein 350	ZNF350	163
ZNF350	M0R1T8	unreviewed	M0R1T8_HUMAN	Zinc finger protein 350	ZNF350	52
ESR2	Q92731	reviewed	ESR2_HUMAN	Estrogen receptor beta (ER-beta) (Nuclear receptor subfamily 3 group A member 2)	ESR2 ESTRB NR3A2	530
ESR2	A0A348FV91	unreviewed	A0A348FV91_HUMAN	Estrogen receptor beta (Nuclear receptor subfamily 3 group A member 2)	ESR2	421
ESR2	A0A348FV92	unreviewed	A0A348FV92_HUMAN	Estrogen receptor beta (Nuclear receptor subfamily 3 group A member 2)	ESR2	417
ESR2	A0A348FV93	unreviewed	A0A348FV93_HUMAN	Estrogen receptor beta (Nuclear receptor subfamily 3 group A member 2)	ESR2	474
ESR2	A0A348FV94	unreviewed	A0A348FV94_HUMAN	Estrogen receptor beta (Nuclear receptor subfamily 3 group A member 2)	ESR2	434
ESR2	A0A348FV95	unreviewed	A0A348FV95_HUMAN	Estrogen receptor beta (Nuclear receptor subfamily 3 group A member 2)	ESR2	475
ESR2	A0A348FV96	unreviewed	A0A348FV96_HUMAN	Estrogen receptor beta (Nuclear receptor subfamily 3 group A member 2)	ESR2	427
ESR2	A0A348FV97	unreviewed	A0A348FV97_HUMAN	Estrogen receptor beta splice variant, ERbetaEx. 4L	ESR2	337
ESR2	A0A348FV98	unreviewed	A0A348FV98_HUMAN	Estrogen receptor beta (Nuclear receptor subfamily 3 group A member 2)	ESR2	410
ESR2	A0A679EN27	unreviewed	A0A679EN27_HUMAN	Estrogen receptor beta	ESR2	19
ESR2	G3V5S2	unreviewed	G3V5S2_HUMAN	Estrogen receptor beta (Nuclear receptor subfamily 3 group A member 2)	ESR2	513
ESR2	Q7LCB3	unreviewed	Q7LCB3_HUMAN	Estrogen receptor beta (Nuclear receptor subfamily 3 group A member 2)	NR3A2 ESR2 hCG_21449	530
ESR1	P03372	reviewed	ESR1_HUMAN	Estrogen receptor (ER) (ER-alpha) (Estradiol receptor) (Nuclear receptor subfamily 3 group A member 1)	ESR1 ESR NR3A1	595
ESR1	A0A125SXV6	unreviewed	A0A125SXV6_HUMAN	Estrogen receptor (ER-alpha) (Estradiol receptor) (Nuclear receptor subfamily 3 group A member 1)	ESR1	373
ESR1	A0A125SXV7	unreviewed	A0A125SXV7_HUMAN	Estrogen receptor (ER-alpha) (Estradiol receptor) (Nuclear receptor subfamily 3 group A member 1)	ESR1	386
ESR1	A0A125SXV8	unreviewed	A0A125SXV8_HUMAN	Estrogen receptor (ER-alpha) (Estradiol receptor) (Nuclear receptor subfamily 3 group A member 1)	ESR1	452
ESR1	A0A125SXV9	unreviewed	A0A125SXV9_HUMAN	Estrogen receptor (ER-alpha) (Estradiol receptor) (Nuclear receptor subfamily 3 group A member 1)	ESR1	400
ESR1	A0A125SXW0	unreviewed	A0A125SXW0_HUMAN	Estrogen receptor (ER-alpha) (Estradiol receptor) (Nuclear receptor subfamily 3 group A member 1)	ESR1	382
ESR1	A0A125SXW1	unreviewed	A0A125SXW1_HUMAN	Estrogen receptor (ER-alpha) (Estradiol receptor) (Nuclear receptor subfamily 3 group A member 1)	ESR1	424
ESR1	A0A125SXW2	unreviewed	A0A125SXW2_HUMAN	Estrogen receptor (ER-alpha) (Estradiol receptor) (Nuclear receptor subfamily 3 group A member 1)	ESR1	419
ESR1	A0A125SXW3	unreviewed	A0A125SXW3_HUMAN	Estrogen receptor (ER-alpha) (Estradiol receptor) (Nuclear receptor subfamily 3 group A member 1)	ESR1	483
ESR1	A0A3G1VCY8	unreviewed	A0A3G1VCY8_HUMAN	Estrogen receptor 1	ESR1	160
ESR1	A0A4P8D7D1	unreviewed	A0A4P8D7D1_HUMAN	Estrogen receptor 1	ESR1	38
ESR1	A0A679EM68	unreviewed	A0A679EM68_HUMAN	Estrogen receptor (ER-alpha) (Estradiol receptor) (Nuclear receptor subfamily 3 group A member 1)	ESR1	292
ESR1	B0QYW7	unreviewed	B0QYW7_HUMAN	Estrogen receptor 1	ESR1	107
ESR1	B5LY05	unreviewed	B5LY05_HUMAN	Estrogen receptor (ER-alpha) (Estradiol receptor) (Nuclear receptor subfamily 3 group A member 1)	ESR1	146
ESR1	B5M0Y2	unreviewed	B5M0Y2_HUMAN	Estrogen receptor alpha delta 1*,2,3*/663 choroid plexus isoform	ESR1	40
ESR1	B5TKC0	unreviewed	B5TKC0_HUMAN	Estrogen receptor (ER-alpha) (Estradiol receptor) (Nuclear receptor subfamily 3 group A member 1)	ESR1	140
ESR1	B5TKC1	unreviewed	B5TKC1_HUMAN	Estrogen receptor alpha superior frontal gyrus isoform	ESR1	46
ESR1	B5TKC2	unreviewed	B5TKC2_HUMAN	Estrogen receptor (ER-alpha) (Estradiol receptor) (Nuclear receptor subfamily 3 group A member 1)	ESR1	110
ESR1	B5TZ77	unreviewed	B5TZ77_HUMAN	Estrogen receptor alpha splice variant	ESR1	80
ESR1	B5TZ78	unreviewed	B5TZ78_HUMAN	Estrogen receptor alpha splice variant	ESR1	71
ESR1	B5TZ79	unreviewed	B5TZ79_HUMAN	Estrogen receptor (ER-alpha) (Estradiol receptor) (Nuclear receptor subfamily 3 group A member 1)	ESR1	152
ESR1	B5TZ80	unreviewed	B5TZ80_HUMAN	Estrogen receptor alpha splice variant	ESR1	101
ESR1	B5TZ81	unreviewed	B5TZ81_HUMAN	Estrogen receptor alpha splice variant	ESR1	68
ESR1	B5TZ82	unreviewed	B5TZ82_HUMAN	Estrogen receptor alpha splice variant	ESR1	137
ESR1	B5TZ83	unreviewed	B5TZ83_HUMAN	Estrogen receptor alpha splice variant	ESR1	79
ESR1	B6DP71	unreviewed	B6DP71_HUMAN	Estrogen receptor alpha splice variant	ESR1	58
ESR1	B6DP72	unreviewed	B6DP72_HUMAN	Estrogen receptor alpha splice variant	ESR1	106
ESR1	B6DP73	unreviewed	B6DP73_HUMAN	Estrogen receptor alpha splice variant	ESR1	61
ESR1	B6DP74	unreviewed	B6DP74_HUMAN	Estrogen receptor alpha splice variant	ESR1	44
ESR1	B6DP75	unreviewed	B6DP75_HUMAN	Estrogen receptor alpha splice variant	ESR1	44
ESR1	B6DU66	unreviewed	B6DU66_HUMAN	Estrogen receptor alpha delta 2*,3,4,5,6,7*/834 hypothalamic isoform	ESR1	109
ESR1	B6DU67	unreviewed	B6DU67_HUMAN	Estrogen receptor alpha delta 3*,4,5,6,7*/775 hypothalamic isoform	ESR1	43
ESR1	B6DU68	unreviewed	B6DU68_HUMAN	Estrogen receptor alpha delta 4,7*,8*/581 hypothalamic isoform	ESR1	163
ESR1	B6DU69	unreviewed	B6DU69_HUMAN	Estrogen receptor alpha delta 4*,5,6*/481 hypothalamic isoform	ESR1	83
ESR1	B6DU70	unreviewed	B6DU70_HUMAN	Estrogen receptor alpha delta 4,5,6,7 isoform	ESR1	67
ESR1	C0L927	unreviewed	C0L927_HUMAN	Estrogen receptor alpha delta 4,5,7 isoform	ESR1	66
ESR1	C0LJA7	unreviewed	C0LJA7_HUMAN	Estrogen receptor alpha delta 3*4,5*,7 isoform	ESR1	106
ESR1	C0LJA8	unreviewed	C0LJA8_HUMAN	Estrogen receptor (ER-alpha) (Estradiol receptor) (Nuclear receptor subfamily 3 group A member 1)	ESR1	106
ESR1	C0LJA9	unreviewed	C0LJA9_HUMAN	Estrogen receptor alpha delta 3*4*,7 isoform	ESR1	56
ESR1	C0LLI5	unreviewed	C0LLI5_HUMAN	Estrogen receptor alpha delta 4*,5,6,7,8*/918 isoform	ESR1	82
ESR1	C0LLI6	unreviewed	C0LLI6_HUMAN	Estrogen receptor alpha delta 4*,5,6,7*/633 isoform	ESR1	114
ESR1	C0LLI7	unreviewed	C0LLI7_HUMAN	Estrogen receptor alpha delta 3*,4,5,6,7*, 8*/912 isoform	ESR1	85
ESR1	C0LLI8	unreviewed	C0LLI8_HUMAN	Estrogen receptor alpha delta 6,7 isoform	ESR1	220
ESR1	C0LLI9	unreviewed	C0LLI9_HUMAN	Estrogen receptor alpha delta 4*,5,6,7,8*/885 isoform	ESR1	93
ESR1	C7FFR5	unreviewed	C7FFR5_HUMAN	Estrogen receptor alpha 3*,4,5,6,7*/765 isoform	ESR1	46
ESR1	C8CD01	unreviewed	C8CD01_HUMAN	Estrogen receptor alpha 2*,3,4,5,6,7*,8* isoform	ESR1	32
ESR1	C8CJK8	unreviewed	C8CJK8_HUMAN	Estrogen receptor alpha delta 3*,4,5,6,7*/819-2 isoform	ESR1	52
ESR1	C8CJK9	unreviewed	C8CJK9_HUMAN	Estrogen receptor alpha delta 3*,4,5,6,7*,8*/941 isoform	ESR1	38
ESR1	C8CJL0	unreviewed	C8CJL0_HUMAN	Estrogen receptor alpha delta 2*,3,4,5,6,7 isoform	ESR1	24
ESR1	C8CJL1	unreviewed	C8CJL1_HUMAN	Estrogen receptor alpha delta 4*,5,6,7,8*/901 isoform	ESR1	88
ESR1	C8CJL2	unreviewed	C8CJL2_HUMAN	Estrogen receptor alpha delta 3*,4,5,6,7,8*/969 isoform	ESR1	65
ESR1	C8CJL3	unreviewed	C8CJL3_HUMAN	Estrogen receptor alpha delta 3*,4,5,6,7,8*/984 isoform	ESR1	59
ESR1	C8CJL4	unreviewed	C8CJL4_HUMAN	Estrogen receptor alpha delta 2*,3,4,5,6,7*/963 isoform	ESR1	23
ESR1	C8CJL5	unreviewed	C8CJL5_HUMAN	Estrogen receptor alpha delta 3*,4,5,6,7,8*/1029 isoform	ESR1	42
ESR1	C8CJL6	unreviewed	C8CJL6_HUMAN	Estrogen receptor alpha delta 4 +49 isoform	ESR1	222
ESR1	C9E0E9	unreviewed	C9E0E9_HUMAN	Estrogen receptor alpha 3*,4,5,6,7,8*/1032 isoform	ESR1	45
ESR1	C9E0F0	unreviewed	C9E0F0_HUMAN	Estrogen receptor alpha 3*,4,5,6,7*/822 isoform	ESR1	87
ESR1	C9E0F1	unreviewed	C9E0F1_HUMAN	Estrogen receptor alpha delta 4*,5,6,7*/654 isoform	ESR1	104
ESR1	C9E0F2	unreviewed	C9E0F2_HUMAN	Estrogen receptor alpha 3*,4,5,6,7,8*/1068 isoform	ESR1	30
ESR1	C9E0F3	unreviewed	C9E0F3_HUMAN	Estrogen receptor alpha 3*,4,5,6,7,8*/984 isoform	ESR1	61
ESR1	E3WH18	unreviewed	E3WH18_HUMAN	Estrogen receptor alpha	ESR1	190
ESR1	E3WH19	unreviewed	E3WH19_HUMAN	Estrogen receptor alpha	ESR1	17
ESR1	G4XH65	unreviewed	G4XH65_HUMAN	Estrogen receptor (ER) (ER-alpha) (Estradiol receptor) (Nuclear receptor subfamily 3 group A member 1)	ESR1	595
ESR1	H0Y4W6	unreviewed	H0Y4W6_HUMAN	Estrogen receptor 1	ESR1	310
ESR1	K4PX46	unreviewed	K4PX46_HUMAN	Estrogen receptor alpha E1-N1-E2-1 variant	ESR1	58
ESR1	K4PXX0	unreviewed	K4PXX0_HUMAN	Estrogen receptor alpha E1-1-2 variant (Estrogen receptor alpha E1-E2-1-2 variant) (Estrogen receptor alpha E1-N2-E2-1-2 variant)	ESR1	192
ESR1	K4Q331	unreviewed	K4Q331_HUMAN	Estrogen receptor alpha E1-2 variant (Estrogen receptor alpha E1-E2-2 variant) (Estrogen receptor alpha E1-N2-E2-2 variant)	ESR1	19
ESR1	K7R989	unreviewed	K7R989_HUMAN	Estrogen receptor	ESR1	102
ESR1	L8E8A8	unreviewed	L8E8A8_HUMAN	Alternative protein ESR1	ESR1	45
ESR1	Q0H8T6	unreviewed	Q0H8T6_HUMAN	Hippocampal estrogen receptor alpha isoform TADDI	ESR1	48
ESR1	Q5T5H8	unreviewed	Q5T5H8_HUMAN	Estrogen receptor 1	ESR1	84
ESR1	Q9H1Z6	unreviewed	Q9H1Z6_HUMAN	Estrogen receptor 1	ESR1	12
ESR1	Q9H2M1	unreviewed	Q9H2M1_HUMAN	Estrogen receptor (ER-alpha) (Estradiol receptor) (Nuclear receptor subfamily 3 group A member 1)	ESR1	334
ESR1	Q9H2M2	unreviewed	Q9H2M2_HUMAN	Estrogen receptor 1 (Estrogen receptor alpha)	ESR1	152
ESR1	Q9UE35	unreviewed	Q9UE35_HUMAN	Estrogen receptor 1 (Estrogen receptor protein)	ESR1 estrogen receptor	115
ZNF845	Q96IR2	reviewed	ZN845_HUMAN	Zinc finger protein 845	ZNF845	970
ZNF527	Q8NB42	reviewed	ZN527_HUMAN	Zinc finger protein 527	ZNF527 KIAA1829	609
ZNF527	A0A0A0MRD3	unreviewed	A0A0A0MRD3_HUMAN	Zinc finger protein 527	ZNF527	94
ZNF527	K7ELI5	unreviewed	K7ELI5_HUMAN	Zinc finger protein 527	ZNF527	146
ZNF527	K7ENX6	unreviewed	K7ENX6_HUMAN	Zinc finger protein 527	ZNF527	58
ZNF527	K7ES26	unreviewed	K7ES26_HUMAN	Zinc finger protein 527	ZNF527	157
ZNF527	Q0P6G1	unreviewed	Q0P6G1_HUMAN	ZNF527 protein (Zinc finger protein 527)	ZNF527	124
TAL1	P17542	reviewed	TAL1_HUMAN	T-cell acute lymphocytic leukemia protein 1 (TAL-1) (Class A basic helix-loop-helix protein 17) (bHLHa17) (Stem cell protein) (T-cell leukemia/lymphoma protein 5)	TAL1 BHLHA17 SCL TCL5	331
TAL1	L8E8Z6	unreviewed	L8E8Z6_HUMAN	Alternative protein TAL1	TAL1	86
ZNF708	P17019	reviewed	ZN708_HUMAN	Zinc finger protein 708 (Zinc finger protein 15) (Zinc finger protein 15-like 1) (Zinc finger protein KOX8)	ZNF708 KOX8 ZNF15 ZNF15L1	563
ZNF708	M0QYN4	unreviewed	M0QYN4_HUMAN	Zinc finger protein 708	ZNF708	499
ZNF708	M0R1G3	unreviewed	M0R1G3_HUMAN	Zinc finger protein 708	ZNF708	65
ZNF708	M0R2V2	unreviewed	M0R2V2_HUMAN	Zinc finger protein 708	ZNF708	38
ZBTB49	Q6ZSB9	reviewed	ZBT49_HUMAN	Zinc finger and BTB domain-containing protein 49 (Zinc finger protein 509)	ZBTB49 ZNF509	765
ZBTB49	D6RB16	unreviewed	D6RB16_HUMAN	Zinc finger and BTB domain containing 49	ZBTB49	144
ZBTB49	D6RC96	unreviewed	D6RC96_HUMAN	Zinc finger and BTB domain containing 49	ZBTB49	453
ZBTB49	D6RJ00	unreviewed	D6RJ00_HUMAN	Zinc finger and BTB domain containing 49	ZBTB49	146
ZBTB49	H0Y8P2	unreviewed	H0Y8P2_HUMAN	Zinc finger and BTB domain containing 49	ZBTB49	174
ZBTB49	H0YAD4	unreviewed	H0YAD4_HUMAN	Zinc finger and BTB domain containing 49	ZBTB49	122
TTF1	P43699	reviewed	NKX21_HUMAN	Homeobox protein Nkx-2.1 (Homeobox protein NK-2 homolog A) (Thyroid nuclear factor 1) (Thyroid transcription factor 1) (TTF-1) (Thyroid-specific enhancer-binding protein) (T/EBP)	NKX2-1 NKX2A TITF1 TTF1	371
TTF1	Q15361	reviewed	TTF1_HUMAN	Transcription termination factor 1 (TTF-1) (RNA polymerase I termination factor) (Transcription termination factor I) (TTF-I)	TTF1	905
TTF1	A0A087WY09	unreviewed	A0A087WY09_HUMAN	Transcription termination factor 1	TTF1	390
ZFP28	Q8NHY6	reviewed	ZFP28_HUMAN	Zinc finger protein 28 homolog (Zfp-28) (Krueppel-like zinc finger factor X6)	ZFP28 KIAA1431	868
ZFP28	A0JNV5	unreviewed	A0JNV5_HUMAN	Zinc finger protein 28 homolog (Mouse)	ZFP28	868
ZFP28	K7EL00	unreviewed	K7EL00_HUMAN	ZFP28 zinc finger protein	ZFP28	146
ZFP28	Q9UQD2	unreviewed	Q9UQD2_HUMAN	R31665_2 [AA 1-673 ] (Zinc finger protein 28 homolog (Mouse), isoform CRA_b)	ZFP28 hCG_1754555	673
ZNF304	Q9HCX3	reviewed	ZN304_HUMAN	Zinc finger protein 304 (KRAB-containing zinc finger protein)	ZNF304	659
ZNF304	E7EQD3	unreviewed	E7EQD3_HUMAN	Zinc finger protein 304	ZNF304	706
ZNF304	M0QZ59	unreviewed	M0QZ59_HUMAN	Zinc finger protein 304	ZNF304	617
ZNF304	Q2T9G7	unreviewed	Q2T9G7_HUMAN	ZNF304 protein	ZNF304	706
ZNF304	Q2T9G8	unreviewed	Q2T9G8_HUMAN	ZNF304 protein	ZNF304	617
FOXM1	Q08050	reviewed	FOXM1_HUMAN	Forkhead box protein M1 (Forkhead-related protein FKHL16) (Hepatocyte nuclear factor 3 forkhead homolog 11) (HFH-11) (HNF-3/fork-head homolog 11) (M-phase phosphoprotein 2) (MPM-2 reactive phosphoprotein 2) (Transcription factor Trident) (Winged-helix factor from INS-1 cells)	FOXM1 FKHL16 HFH11 MPP2 WIN	763
FOXM1	A0A0D9SFF0	unreviewed	A0A0D9SFF0_HUMAN	Forkhead box protein M1	FOXM1	748
FOXM1	A0A2P9DTZ0	unreviewed	A0A2P9DTZ0_HUMAN	Forkhead box protein M1	FOXM1	786
FOXM1	A0A2P9DTZ1	unreviewed	A0A2P9DTZ1_HUMAN	Forkhead box protein M1	FOXM1 hCG_1731745	748
FOXM1	A0A2P9DTZ8	unreviewed	A0A2P9DTZ8_HUMAN	Forkhead box protein M1	FOXM1 hCG_1731745	801
FOXM1	H0YG99	unreviewed	H0YG99_HUMAN	Forkhead box M1	FOXM1	206
FOXM1	H0YGS4	unreviewed	H0YGS4_HUMAN	Forkhead box M1	FOXM1	80
FOXM1	Q53Y49	unreviewed	Q53Y49_HUMAN	Forkhead box protein M1	FOXM1 hCG_1731745	763
ZNF75A	Q96N20	reviewed	ZN75A_HUMAN	Zinc finger protein 75A	ZNF75A	296
ZNF75A	A0A590UJ20	unreviewed	A0A590UJ20_HUMAN	Zinc finger protein 75A	ZNF75A hCG_1818572	241
ZNF75A	A0A590UJE0	unreviewed	A0A590UJE0_HUMAN	Zinc finger protein 75A	ZNF75A	537
ZNF75A	Q86V93	unreviewed	Q86V93_HUMAN	LOC100128510 protein (Zinc finger protein 75A)	ZNF75A LOC100128510 hCG_1818572	153
ZNF587	Q96SQ5	reviewed	ZN587_HUMAN	Zinc finger protein 587	ZNF587	575
ZNF79	Q15937	reviewed	ZNF79_HUMAN	Zinc finger protein 79 (ZNFpT7)	ZNF79	498
ZNF79	A0A087X2B0	unreviewed	A0A087X2B0_HUMAN	Zinc finger protein 79	ZNF79	364
ZNF79	F5H032	unreviewed	F5H032_HUMAN	Zinc finger protein 79	ZNF79	474
RUNX2	Q13950	reviewed	RUNX2_HUMAN	Runt-related transcription factor 2 (Acute myeloid leukemia 3 protein) (Core-binding factor subunit alpha-1) (CBF-alpha-1) (Oncogene AML-3) (Osteoblast-specific transcription factor 2) (OSF-2) (Polyomavirus enhancer-binding protein 2 alpha A subunit) (PEA2-alpha A) (PEBP2-alpha A) (SL3-3 enhancer factor 1 alpha A subunit) (SL3/AKV core-binding factor alpha A subunit)	RUNX2 AML3 CBFA1 OSF2 PEBP2A	521
RUNX2	A0A0D9SEN7	unreviewed	A0A0D9SEN7_HUMAN	Runt-related transcription factor	RUNX2	485
RUNX2	A0A2R8Y7Z3	unreviewed	A0A2R8Y7Z3_HUMAN	RUNX family transcription factor 2	RUNX2	334
RUNX2	I3L0L0	unreviewed	I3L0L0_HUMAN	RUNX family transcription factor 2	RUNX2	542
RUNX2	I3L354	unreviewed	I3L354_HUMAN	RUNX family transcription factor 2	RUNX2	276
RUNX2	I3L4L9	unreviewed	I3L4L9_HUMAN	RUNX family transcription factor 2	RUNX2	37
RUNX2	L8E7D8	unreviewed	L8E7D8_HUMAN	Alternative protein RUNX2	RUNX2	94
RUNX2	Q32MY8	unreviewed	Q32MY8_HUMAN	RUNX2 protein	RUNX2	172
RUNX2	U3RG86	unreviewed	U3RG86_HUMAN	Truncated core binding factor alpha1	RUNX2	36
FOXJ3	Q9UPW0	reviewed	FOXJ3_HUMAN	Forkhead box protein J3	FOXJ3 KIAA1041	622
FOXJ3	C9JVP0	unreviewed	C9JVP0_HUMAN	Forkhead box J3	FOXJ3 hCG_21708	382
FOXJ3	C9JXI1	unreviewed	C9JXI1_HUMAN	Forkhead box J3	FOXJ3	86
FOXJ3	F6VXT0	unreviewed	F6VXT0_HUMAN	Forkhead box J3	FOXJ3	136
FOXJ3	H7C1Y6	unreviewed	H7C1Y6_HUMAN	Forkhead box J3	FOXJ3	125
ZNF382	Q96SR6	reviewed	ZN382_HUMAN	Zinc finger protein 382 (KRAB/zinc finger suppressor protein 1) (KS1) (Multiple zinc finger and krueppel-associated box protein KS1)	ZNF382	550
ZNF382	C9JME7	unreviewed	C9JME7_HUMAN	Zinc finger protein 382 (KRAB/zinc finger suppressor protein 1) (Multiple zinc finger and krueppel-associated box protein KS1)	ZNF382	501
ZNF382	K7EK67	unreviewed	K7EK67_HUMAN	Zinc finger protein 382	ZNF382	184
ZNF382	K7EQ52	unreviewed	K7EQ52_HUMAN	Zinc finger protein 382	ZNF382	25
ZNF382	L0R6T6	unreviewed	L0R6T6_HUMAN	Alternative protein ZNF382	ZNF382	164
ZNF678	Q5SXM1	reviewed	ZN678_HUMAN	Zinc finger protein 678	ZNF678	525
ZNF678	B1APK8	unreviewed	B1APK8_HUMAN	Zinc finger protein 678	ZNF678	227
ZNF678	V9GYU6	unreviewed	V9GYU6_HUMAN	Zinc finger protein 678	ZNF678	76
ZNF680	Q8NEM1	reviewed	ZN680_HUMAN	Zinc finger protein 680	ZNF680	530
ZFAT	Q9P243	reviewed	ZFAT_HUMAN	Zinc finger protein ZFAT (Zinc finger gene in AITD susceptibility region) (Zinc finger protein 406)	ZFAT KIAA1485 ZFAT1 ZNF406	1243
ZFAT	E5RGN2	unreviewed	E5RGN2_HUMAN	Zinc finger and AT-hook domain containing	ZFAT	196
ZFAT	E5RH37	unreviewed	E5RH37_HUMAN	Zinc finger protein ZFAT (Zinc finger protein 406)	ZFAT	998
ZFAT	E5RJL9	unreviewed	E5RJL9_HUMAN	Zinc finger and AT-hook domain containing	ZFAT	58
ZFAT	E5RJT2	unreviewed	E5RJT2_HUMAN	Zinc finger and AT-hook domain containing	ZFAT	150
ZFAT	E9PBN4	unreviewed	E9PBN4_HUMAN	Zinc finger protein ZFAT (Zinc finger protein 406)	ZFAT	1145
ZFAT	F8W7M8	unreviewed	F8W7M8_HUMAN	Zinc finger protein ZFAT (Zinc finger protein 406)	ZFAT	1156
ZFAT	H0YBJ1	unreviewed	H0YBJ1_HUMAN	Zinc finger and AT-hook domain containing	ZFAT	163
ZFAT	H0YC51	unreviewed	H0YC51_HUMAN	Zinc finger and AT-hook domain containing	ZFAT	98
ZFAT	Q4KMQ4	unreviewed	Q4KMQ4_HUMAN	Zinc finger protein ZFAT (Zinc finger protein 406)	ZFAT	1204
ZFAT	Q6PJQ2	unreviewed	Q6PJQ2_HUMAN	Zinc finger protein ZFAT (Zinc finger protein 406)	ZFAT	1190
NR3C2	P08235	reviewed	MCR_HUMAN	Mineralocorticoid receptor (MR) (Nuclear receptor subfamily 3 group C member 2)	NR3C2 MCR MLR	984
NR3C2	B0ZBF6	unreviewed	B0ZBF6_HUMAN	Mineralocorticoid receptor (Nuclear receptor subfamily 3 group C member 2)	NR3C2	984
NR3C2	B0ZBF8	unreviewed	B0ZBF8_HUMAN	Mineralocorticoid receptor 3 (Nuclear receptor subfamily 3, group C, member 2 variant 4)	NR3C2	706
NR3C2	Q4W5E8	unreviewed	Q4W5E8_HUMAN	Uncharacterized protein NR3C2	NR3C2	46
ZNF547	Q8IVP9	reviewed	ZN547_HUMAN	Zinc finger protein 547	ZNF547	402
ZNF547	M0QX63	unreviewed	M0QX63_HUMAN	Zinc finger protein 547	ZNF547	41
ZNF547	M0QYW2	unreviewed	M0QYW2_HUMAN	Zinc finger protein 547	ZNF547	148
ZNF547	M0QZZ8	unreviewed	M0QZZ8_HUMAN	Zinc finger protein 547	ZNF547	45
ZNF547	Q6IBE5	unreviewed	Q6IBE5_HUMAN	Trafficking protein particle complex 2, isoform CRA_a (Trafficking protein particle complex 2, isoform CRA_b) (ZNF547 protein) (Zinc finger protein 547, isoform CRA_a) (cDNA, FLJ94336, Homo sapiens spondyloepiphyseal dysplasia, late (SEDL), mRNA)	ZNF547 TRAPPC2 hCG_19694 hCG_73092	140
RLF	P51460	reviewed	INSL3_HUMAN	Insulin-like 3 (Leydig insulin-like peptide) (Ley-I-L) (Relaxin-like factor) [Cleaved into: Insulin-like 3 B chain; Insulin-like 3 A chain]	INSL3 RLF RLNL	131
RLF	Q13129	reviewed	RLF_HUMAN	Zinc finger protein Rlf (Rearranged L-myc fusion gene protein) (Zn-15-related protein)	RLF	1914
ZNF483	Q8TF39	reviewed	ZN483_HUMAN	Zinc finger protein 483 (Zinc finger protein with KRAB and SCAN domains 16)	ZNF483 KIAA1962 ZKSCAN16	744
ZNF483	A7MD06	unreviewed	A7MD06_HUMAN	Zinc finger protein 483	ZNF483	744
ZNF483	Q5VZN3	unreviewed	Q5VZN3_HUMAN	Zinc finger protein 483	ZNF483	178
ZNF483	Q6P088	unreviewed	Q6P088_HUMAN	ZNF483 protein (Zinc finger protein 483)	ZNF483	244
ZNF3	P17036	reviewed	ZNF3_HUMAN	Zinc finger protein 3 (Zinc finger protein HF.12) (Zinc finger protein HZF3.1) (Zinc finger protein KOX25)	ZNF3 KOX25	446
ZNF3	A4D2A4	unreviewed	A4D2A4_HUMAN	Zinc finger protein 3 (A8-51)	ZNF3 tcag7.618	387
ZNF3	C9J5S8	unreviewed	C9J5S8_HUMAN	Zinc finger protein 3	ZNF3	184
ZNF3	C9JE35	unreviewed	C9JE35_HUMAN	Zinc finger protein 3	ZNF3	104
ZNF3	C9JK31	unreviewed	C9JK31_HUMAN	Zinc finger protein 3	ZNF3	98
ZNF3	F8WA60	unreviewed	F8WA60_HUMAN	Zinc finger protein 3	ZNF3	20
ZNF3	Q86U76	unreviewed	Q86U76_HUMAN	Zinc finger protein 3	ZNF3 tcag7.618	410
ZNF668	Q96K58	reviewed	ZN668_HUMAN	Zinc finger protein 668	ZNF668	619
ZNF668	C9J092	unreviewed	C9J092_HUMAN	Zinc finger protein 668	ZNF668	108
ZNF668	C9JCJ0	unreviewed	C9JCJ0_HUMAN	Zinc finger protein 668	ZNF668	163
ZNF668	C9JG35	unreviewed	C9JG35_HUMAN	Zinc finger protein 668	ZNF668	92
ZNF668	Q4G0L6	unreviewed	Q4G0L6_HUMAN	ZNF668 protein	ZNF668	212
ZNF335	Q9H4Z2	reviewed	ZN335_HUMAN	Zinc finger protein 335 (NRC-interacting factor 1) (NIF-1)	ZNF335	1342
ZNF335	Q8IW09	unreviewed	Q8IW09_HUMAN	Zinc finger protein 335 (NRC-interacting factor 1)	ZNF335	1121
ZBTB7A	O95365	reviewed	ZBT7A_HUMAN	Zinc finger and BTB domain-containing protein 7A (Factor binding IST protein 1) (FBI-1) (Factor that binds to inducer of short transcripts protein 1) (HIV-1 1st-binding protein 1) (Leukemia/lymphoma-related factor) (POZ and Krueppel erythroid myeloid ontogenic factor) (POK erythroid myeloid ontogenic factor) (Pokemon) (Pokemon 1) (TTF-I-interacting peptide 21) (TIP21) (Zinc finger protein 857A)	ZBTB7A FBI1 LRF ZBTB7 ZNF857A	584
ZBTB7A	L8E8Q6	unreviewed	L8E8Q6_HUMAN	Alternative protein ZBTB7A	ZBTB7A	69
ZBTB7A	Q8TB76	unreviewed	Q8TB76_HUMAN	ZBTB7A protein (Zinc finger and BTB domain containing 7A, isoform CRA_a)	ZBTB7A hCG_2004107	108
ZNF683	Q8IZ20	reviewed	ZN683_HUMAN	Tissue-resident T-cell transcription regulator protein ZNF683 (Homolog of Blimp-1 in T-cell) (Hobit) (Zinc finger protein 683)	ZNF683	524
ZNF683	A0A0A0MSJ7	unreviewed	A0A0A0MSJ7_HUMAN	Zinc finger protein 683	ZNF683	197
ZNF683	A0A0A0MT21	unreviewed	A0A0A0MT21_HUMAN	Zinc finger protein 683	ZNF683	269
ZNF683	Q5T142	unreviewed	Q5T142_HUMAN	Zinc finger protein 683	ZNF683	122
ZNF683	Q5T145	unreviewed	Q5T145_HUMAN	Zinc finger protein 683	ZNF683	154
ZNF683	X1WI31	unreviewed	X1WI31_HUMAN	Zinc finger protein 683	ZNF683	188
ZNF683	X1WI32	unreviewed	X1WI32_HUMAN	Zinc finger protein 683	ZNF683	282
CASZ1	Q86V15	reviewed	CASZ1_HUMAN	Zinc finger protein castor homolog 1 (Castor-related protein) (Putative survival-related protein) (Zinc finger protein 693)	CASZ1 CST SRG ZNF693	1759
CASZ1	K7EQC6	unreviewed	K7EQC6_HUMAN	Castor zinc finger 1	CASZ1	231
HOMEZ	Q8IX15	reviewed	HOMEZ_HUMAN	Homeobox and leucine zipper protein Homez (Homeodomain leucine zipper-containing factor)	HOMEZ KIAA1443	550
HOMEZ	A0A669KB72	unreviewed	A0A669KB72_HUMAN	Homeobox and leucine zipper protein Homez (Homeodomain leucine zipper-containing factor)	HOMEZ	439
HOMEZ	U3KPW8	unreviewed	U3KPW8_HUMAN	Homeobox and leucine zipper encoding	HOMEZ	324
TFEC	O14948	reviewed	TFEC_HUMAN	Transcription factor EC (TFE-C) (Class E basic helix-loop-helix protein 34) (bHLHe34) (Transcription factor EC-like) (hTFEC-L)	TFEC BHLHE34 TCFEC TFECL	347
TFEC	B7Z757	unreviewed	B7Z757_HUMAN	Transcription factor EC	TFEC	316
TFEC	Q75KY0	unreviewed	Q75KY0_HUMAN	Transcription factor EC	TFEC	258
TFEC	Q75MG2	unreviewed	Q75MG2_HUMAN	Uncharacterized protein TFEC	TFEC	89
ARNT2	Q9HBZ2	reviewed	ARNT2_HUMAN	Aryl hydrocarbon receptor nuclear translocator 2 (ARNT protein 2) (Class E basic helix-loop-helix protein 1) (bHLHe1)	ARNT2 BHLHE1 KIAA0307	717
ARNT2	H0YKW1	unreviewed	H0YKW1_HUMAN	Aryl hydrocarbon receptor nuclear translocator 2	ARNT2	130
ARNT2	Q86TN1	unreviewed	Q86TN1_HUMAN	ARNT2 protein	ARNT2	217
ARNT2	X5D7T2	unreviewed	X5D7T2_HUMAN	Aryl hydrocarbon receptor nuclear translocator 2	ARNT2	694
ARNT2	X5D8U0	unreviewed	X5D8U0_HUMAN	Aryl-hydrocarbon receptor nuclear translocator 2 isoform G	ARNT2	435
ARNT2	X5D9H9	unreviewed	X5D9H9_HUMAN	Aryl-hydrocarbon receptor nuclear translocator 2 isoform B	ARNT2	392
ARNT2	X5DP31	unreviewed	X5DP31_HUMAN	Aryl hydrocarbon receptor nuclear translocator 2	ARNT2	660
ARNT2	X5DP40	unreviewed	X5DP40_HUMAN	Aryl hydrocarbon receptor nuclear translocator 2	ARNT2	694
ARNT2	X5DP87	unreviewed	X5DP87_HUMAN	Aryl-hydrocarbon receptor nuclear translocator 2 isoform F	ARNT2	68
ARNT2	X5DQN9	unreviewed	X5DQN9_HUMAN	Aryl hydrocarbon receptor nuclear translocator 2	ARNT2	717
ARNT2	X5DRE4	unreviewed	X5DRE4_HUMAN	Aryl-hydrocarbon receptor nuclear translocator 2 isoform H	ARNT2	220
USF3	Q68DE3	reviewed	USF3_HUMAN	Basic helix-loop-helix domain-containing protein USF3 (Upstream transcription factor 3)	USF3 KIAA2018	2245
USF3	C9JBW0	unreviewed	C9JBW0_HUMAN	Upstream transcription factor family member 3	USF3	88
MLX	Q9UH92	reviewed	MLX_HUMAN	Max-like protein X (Class D basic helix-loop-helix protein 13) (bHLHd13) (Max-like bHLHZip protein) (Protein BigMax) (Transcription factor-like protein 4)	MLX BHLHD13 TCFL4	298
MLX	K7EID0	unreviewed	K7EID0_HUMAN	Max-like protein X (Max-like bHLHZip protein) (Protein BigMax) (Transcription factor-like protein 4)	MLX	248
GLI4	P10075	reviewed	GLI4_HUMAN	Zinc finger protein GLI4 (Krueppel-related zinc finger protein 4) (Protein HKR4)	GLI4 HKR4	376
GLI4	E5RFY1	unreviewed	E5RFY1_HUMAN	GLI family zinc finger 4	GLI4	111
GLI4	E5RG07	unreviewed	E5RG07_HUMAN	GLI family zinc finger 4	GLI4	165
GLI4	E5RGM1	unreviewed	E5RGM1_HUMAN	GLI family zinc finger 4	GLI4	76
GLI4	E5RIX4	unreviewed	E5RIX4_HUMAN	GLI family zinc finger 4	GLI4	56
GLI4	H0YBH2	unreviewed	H0YBH2_HUMAN	GLI family zinc finger 4	GLI4	86
TSHZ2	Q9NRE2	reviewed	TSH2_HUMAN	Teashirt homolog 2 (Ovarian cancer-related protein 10-2) (OVC10-2) (Zinc finger protein 218)	TSHZ2 C20orf17 TSH2 ZNF218	1034
TSHZ2	A7E1X4	unreviewed	A7E1X4_HUMAN	TSHZ2 protein	TSHZ2	47
TSHZ2	B1H0U8	unreviewed	B1H0U8_HUMAN	Cell growth-inhibiting protein 7 (HCG1784586) (Teashirt zinc finger homeobox 2)	TSHZ2 hCG_1784586	74
TSHZ2	S4R3C8	unreviewed	S4R3C8_HUMAN	Teashirt zinc finger homeobox 2	TSHZ2	194
CUX1	P39880	reviewed	CUX1_HUMAN	Homeobox protein cut-like 1 (CCAAT displacement protein) (CDP) (CDP/Cux p200) (Homeobox protein cux-1) [Cleaved into: CDP/Cux p110]	CUX1 CUTL1	1505
CUX1	Q13948	reviewed	CASP_HUMAN	Protein CASP	CUX1 CUTL1	678
CUX1	A0A2R8Y852	unreviewed	A0A2R8Y852_HUMAN	Homeobox protein cut-like	CUX1	1460
CUX1	A0A2R8Y8D0	unreviewed	A0A2R8Y8D0_HUMAN	Cut like homeobox 1	CUX1	117
CUX1	A0A2R8YDI1	unreviewed	A0A2R8YDI1_HUMAN	Homeobox protein cut-like	CUX1	1358
CUX1	A0A7D4XDC1	unreviewed	A0A7D4XDC1_HUMAN	Mutant CUX1	CUX1	104
CUX1	T1SG88	unreviewed	T1SG88_HUMAN	CUX1/RET fusion	CUX1 RET fusion	60
ZNF8	P17098	reviewed	ZNF8_HUMAN	Zinc finger protein 8 (Zinc finger protein HF.18)	ZNF8	575
FAM200B	P0CF97	reviewed	F200B_HUMAN	Protein FAM200B	FAM200B C4orf53	657
FAM200B	A0A6Q8PFA1	unreviewed	A0A6Q8PFA1_HUMAN	Family with sequence similarity 200 member B	FAM200B	56
FAM200B	A0A6Q8PG77	unreviewed	A0A6Q8PG77_HUMAN	Family with sequence similarity 200 member B	FAM200B	161
FAM200B	A0A6Q8PGG8	unreviewed	A0A6Q8PGG8_HUMAN	Family with sequence similarity 200 member B	FAM200B	63
FAM200B	D6RAC6	unreviewed	D6RAC6_HUMAN	Family with sequence similarity 200 member B	FAM200B	24
ZNF30	P17039	reviewed	ZNF30_HUMAN	Zinc finger protein 30 (Zinc finger protein KOX28)	ZNF30 KOX28	623
ZNF30	L8E9Q4	unreviewed	L8E9Q4_HUMAN	Alternative protein ZNF30	ZNF30	46
ZNF30	V9GYJ2	unreviewed	V9GYJ2_HUMAN	Zinc finger protein 30	ZNF30	86
ZBTB22	O15209	reviewed	ZBT22_HUMAN	Zinc finger and BTB domain-containing protein 22 (Protein BING1) (Zinc finger and BTB domain-containing protein 22A) (Zinc finger protein 297)	ZBTB22 BING1 ZBTB22A ZNF297	634
ZBTB22	A2AB93	unreviewed	A2AB93_HUMAN	Zinc finger and BTB domain containing 22	ZBTB22	149
ZSCAN29	Q8IWY8	reviewed	ZSC29_HUMAN	Zinc finger and SCAN domain-containing protein 29 (Zinc finger protein 690)	ZSCAN29 ZNF690	852
ZSCAN29	A0A0C4DGM2	unreviewed	A0A0C4DGM2_HUMAN	Zinc finger and SCAN domain containing 29	ZSCAN29	462
ZSCAN29	C9K0J8	unreviewed	C9K0J8_HUMAN	Zinc finger and SCAN domain containing 29	ZSCAN29	556
ZSCAN29	H3BMU4	unreviewed	H3BMU4_HUMAN	Zinc finger and SCAN domain containing 29	ZSCAN29	330
ZSCAN29	H3BUW4	unreviewed	H3BUW4_HUMAN	Zinc finger and SCAN domain containing 29	ZSCAN29	199
ZSCAN29	Q05BJ4	unreviewed	Q05BJ4_HUMAN	ZSCAN29 protein	ZSCAN29	317
ZSCAN29	Q96AG1	unreviewed	Q96AG1_HUMAN	ZSCAN29 protein	ZSCAN29	523
PRDM10	Q9NQV6	reviewed	PRD10_HUMAN	PR domain zinc finger protein 10 (PR domain-containing protein 10) (Tristanin)	PRDM10 KIAA1231 PFM7 TRIS	1147
PRDM10	A0A2Z2E6H7	unreviewed	A0A2Z2E6H7_HUMAN	PR domain zinc finger protein 10 (PR domain-containing protein 10)	PRDM10	1156
PRDM10	B7ZL72	unreviewed	B7ZL72_HUMAN	PR domain zinc finger protein 10 (PR domain-containing protein 10)	PRDM10	1070
PRDM10	E9PIB4	unreviewed	E9PIB4_HUMAN	PR/SET domain 10	PRDM10	115
PRDM10	E9PLV1	unreviewed	E9PLV1_HUMAN	PR domain zinc finger protein 10 (PR domain-containing protein 10)	PRDM10	1117
PRDM10	E9PS52	unreviewed	E9PS52_HUMAN	PR/SET domain 10	PRDM10	139
